auctionid,item,auction_type,price,estimated_market_value,winner,runner_up,winner_bid,runner_up_bid,winner_strategy,runner_up_strategy,winner_payoff,runner_up_payoff
1638843936,Cartier wristwatch,7 day auction,1625.0,510.0,carloss8055,jdrinaz,1625.0,1600.0,Late,Late,0.0,0.0
1638844284,Cartier wristwatch,7 day auction,500.0,510.0,njbirdmom,dre_313@yahoo.com,500.0,225.0,Early,Early,10.0,0.0
1638844464,Cartier wristwatch,7 day auction,740.0,510.0,adammurry,ps138,740.0,730.0,Late,Late,0.0,0.0
1638844729,Cartier wristwatch,7 day auction,320.0,510.0,sylvesterii,k.s.cohen@verizon.net,320.0,315.0,Late,Late,190.0,0.0
1638893549,Cartier wristwatch,3 day auction,177.5,510.0,eli.flint@flightsafety.co,schadenfreud,177.5,175.0,Late,Early,332.5,0.0
1638917885,Cartier wristwatch,7 day auction,227.5,510.0,nola,ps138,227.5,225.0,Late,Late,282.5,0.0
1639226378,Cartier wristwatch,7 day auction,1725.0,510.0,djpjohn@aol.com,lisalipman,1725.0,1700.0,Late,Late,0.0,0.0
1639253454,Cartier wristwatch,7 day auction,255.0,510.0,cnmba@aol.com,seriwan,255.0,250.0,Late,Early,255.0,0.0
1639309309,Cartier wristwatch,7 day auction,374.99,510.0,capitalsquare,lass1004,374.99,350.0,Early,Early,135.01,0.0
1639323228,Cartier wristwatch,7 day auction,185.0,510.0,helvet,hands157,185.0,150.0,Early,Early,325.0,0.0
1639333116,Cartier wristwatch,7 day auction,501.62,510.0,renob2,littlekittygirl,501.62,501.0,Late,Late,8.379999999999995,0.0
1639341131,Cartier wristwatch,7 day auction,256.51,510.0,surfingbig_boy,jannypie1,256.51,251.51,Late,Late,253.49,0.0
1639364679,Cartier wristwatch,7 day auction,1195.0,510.0,klove86650@aol.com,9lights,1195.0,1170.0,Late,Late,0.0,0.0
1639425502,Cartier wristwatch,7 day auction,224.5,510.0,gisbert,nola,224.5,222.0,Early,Early,285.5,0.0
1639453840,Cartier wristwatch,3 day auction,355.0,510.0,bella@thegrid.net,babaranda,355.0,350.0,Late,Late,155.0,0.0
1639672910,Cartier wristwatch,7 day auction,5400.0,510.0,esmodeus,akapson,5400.0,5300.0,Late,Late,0.0,0.0
1639826019,Cartier wristwatch,5 day auction,2025.0,510.0,djpjohn@aol.com,vickiejaykay,2025.0,2000.0,Late,Late,0.0,0.0
1639929579,Cartier wristwatch,7 day auction,1525.0,510.0,7794369,vickiejaykay,1525.0,1500.0,Late,Late,0.0,0.0
1639979107,Cartier wristwatch,7 day auction,103.5,510.0,inyerdrms,lacagnina,103.5,101.0,Late,Late,406.5,0.0
1640179146,Cartier wristwatch,7 day auction,455.0,510.0,photosflasher,court_carreker,455.0,450.0,Late,Late,55.0,0.0
1640257270,Cartier wristwatch,5 day auction,41.45,510.0,walkabout2,916duc,41.45,40.45,Late,Late,468.55,0.0
1640495398,Cartier wristwatch,5 day auction,1800.0,510.0,mattylip,lisalipman,1800.0,1775.0,Late,Late,0.0,0.0
1640550476,Cartier wristwatch,7 day auction,300.0,510.0,gbcoins,larryr911,300.0,295.0,Late,Late,210.0,0.0
1640653873,Cartier wristwatch,7 day auction,202.5,510.0,debrittod,jimboysan,202.5,200.0,Late,Late,307.5,0.0
1640793161,Cartier wristwatch,7 day auction,2395.0,510.0,roticss,lola723,2395.0,2008.0,Late,Late,0.0,0.0
1640809330,Cartier wristwatch,5 day auction,560.0,510.0,solysoly,fuzzy3028,560.0,550.0,Early,Late,0.0,0.0
1640809333,Cartier wristwatch,5 day auction,1725.0,510.0,ckaret,dolcissimo@yahoo.com,1725.0,1700.0,Late,Late,0.0,0.0
1640936328,Cartier wristwatch,7 day auction,317.0,510.0,happyrova,birdkowsky,317.0,312.0,Late,Late,193.0,0.0
1641062012,Cartier wristwatch,7 day auction,1600.0,510.0,vkns,jpamro@aol.com,1600.0,1599.0,Early,Late,0.0,0.0
1641112143,Cartier wristwatch,5 day auction,880.0,510.0,mannymendez,restdynamics,880.0,870.0,Late,Late,0.0,0.0
1641142160,Cartier wristwatch,3 day auction,200.01,510.0,princess-ginger,groth@bizrate.com,200.01,200.0,Late,Late,309.99,0.0
1641154540,Cartier wristwatch,5 day auction,2425.0,510.0,zonaone2001,eric_olea@paramount.com,2425.0,2400.0,Late,Late,0.0,0.0
1641242797,Cartier wristwatch,7 day auction,450.0,510.0,kiero1@webtv.com,gisbert,450.0,387.0,Early,Early,60.0,0.0
1641457876,Cartier wristwatch,7 day auction,370.0,510.0,gisbert,ahmadk,370.0,365.0,Early,Late,140.0,0.0
1641587440,Cartier wristwatch,7 day auction,349.99,510.0,pascal1666,terryd2053,349.99,301.06,Late,Late,160.01,0.0
1641628327,Cartier wristwatch,7 day auction,1894.78,510.0,sudohani,2jeweleyes,1894.78,1869.78,Late,Early,0.0,0.0
1641629836,Cartier wristwatch,7 day auction,550.0,510.0,kinkino,peterfung@aol.com,550.0,540.0,Late,Late,0.0,0.0
1641722275,Cartier wristwatch,7 day auction,155.0,510.0,skw80104,birdkowsky,155.0,155.0,Late,Late,355.0,0.0
1641783552,Cartier wristwatch,7 day auction,1925.0,510.0,adihcu,iiiimd,1925.0,1900.0,Late,Late,0.0,0.0
1641880134,Cartier wristwatch,7 day auction,456.0,510.0,finn69,pascal1666,456.0,451.0,Late,Late,54.0,0.0
1641880908,Cartier wristwatch,7 day auction,402.0,510.0,pascal1666,glenpi,402.0,401.21,Late,Late,108.0,0.0
1641962219,Cartier wristwatch,5 day auction,435.0,510.0,edwhiteaker,japantiger@hotmail.com,435.0,430.0,Late,Late,75.0,0.0
1642005995,Cartier wristwatch,7 day auction,623.26,510.0,afrye37076@aol.com,auntdotbids,623.26,613.26,Early,Late,0.0,0.0
1642185637,Cartier wristwatch,7 day auction,510.0,510.0,davidsongirl2,thehandmadens,510.0,500.0,Late,Late,0.0,0.0
1642243766,Cartier wristwatch,3 day auction,355.0,510.0,akryzak,gram999,355.0,350.0,Early,Early,155.0,0.0
1642322610,Cartier wristwatch,5 day auction,1799.0,510.0,gregperry,jtw247,1799.0,1778.0,Late,Late,0.0,0.0
1642414724,Cartier wristwatch,5 day auction,510.0,510.0,agarts@aol.com,macattack92,510.0,500.0,Late,Early,0.0,0.0
1642421109,Cartier wristwatch,5 day auction,305.0,510.0,dressy-bessy,sandragian,305.0,300.0,Late,Late,205.0,0.0
1642424500,Cartier wristwatch,5 day auction,150.0,510.0,sandragian,birdkowsky,150.0,150.0,Late,Early,360.0,0.0
1642514892,Cartier wristwatch,7 day auction,1025.0,510.0,ralph.oman@dechert.com,lass1004,1025.0,1000.0,Late,Early,0.0,0.0
1642534283,Cartier wristwatch,7 day auction,1125.0,510.0,jseid,happyrova,1125.0,1100.0,Late,Late,0.0,0.0
1642561397,Cartier wristwatch,7 day auction,1825.0,510.0,dscollier3,steven1328,1825.0,1800.0,Late,Early,0.0,0.0
1642875447,Cartier wristwatch,7 day auction,831.0,510.0,jennou,avion1333@hotmail.com,831.0,821.0,Late,Late,0.0,0.0
1642876200,Cartier wristwatch,7 day auction,841.0,510.0,avion1333@hotmail.com,dkbay,841.0,831.0,Late,Late,0.0,0.0
1642911743,Cartier wristwatch,7 day auction,430.0,510.0,pascal1666,mb@wellsref.com,430.0,425.0,Late,Late,80.0,0.0
1643075711,Cartier wristwatch,3 day auction,1225.0,510.0,6969.ca,gm492@columbia.edu,1225.0,1200.0,Late,Late,0.0,0.0
1643136423,Cartier wristwatch,7 day auction,400.0,510.0,sandseller,gram999,400.0,325.0,Late,Early,110.0,0.0
1643187764,Cartier wristwatch,7 day auction,276.05,510.0,drob223,josephvkuca@msn.com,276.05,275.0,Late,Late,233.95,0.0
1643201832,Cartier wristwatch,7 day auction,1599.0,510.0,philwl3290,k.l.pine,1599.0,1000.0,Late,Early,0.0,0.0
1643212361,Cartier wristwatch,7 day auction,2600.0,510.0,youmast,fxschmidt,2600.0,2569.77,Late,Early,0.0,0.0
1643244227,Cartier wristwatch,7 day auction,1025.0,510.0,adammurry,somto_offoh,1025.0,1000.0,Late,Late,0.0,0.0
1643544538,Cartier wristwatch,3 day auction,405.0,510.0,yung-wen,robcmjr@bellsouth.net,405.0,400.0,Late,Late,105.0,0.0
1643885624,Cartier wristwatch,3 day auction,326.0,510.0,tverna,bigdaddy67,326.0,325.0,Late,Late,184.0,0.0
1643903116,Cartier wristwatch,3 day auction,40.87,510.0,vnvu009,bonerboy-24401,40.87,39.87,Late,Late,469.13,0.0
1643903372,Cartier wristwatch,3 day auction,26.0,510.0,2gd4u,phyllis120577,26.0,25.0,Late,Early,484.0,0.0
1644046945,Cartier wristwatch,7 day auction,3800.0,510.0,sirocco@prodigy.net,nguyenat@san.rr.com,3800.0,3000.0,Late,Late,0.0,0.0
1644049270,Cartier wristwatch,7 day auction,1600.0,510.0,superstore4less,adammurry,1600.0,1580.0,Late,Late,0.0,0.0
1644077790,Cartier wristwatch,7 day auction,1400.0,510.0,bally29,vangoghbouvie,1400.0,570.01,Early,Early,0.0,0.0
1644077820,Cartier wristwatch,7 day auction,374.0,510.0,mb@wellsref.com,gisbert,374.0,369.0,Late,Early,136.0,0.0
1644109746,Cartier wristwatch,7 day auction,3103.0,510.0,nelsoncpm,ccd79,3103.0,3100.0,Late,Late,0.0,0.0
1644138548,Cartier wristwatch,7 day auction,2100.0,510.0,adammurry,sami-girl,2100.0,2000.0,Late,Early,0.0,0.0
1644197869,Cartier wristwatch,7 day auction,300.0,510.0,luxurysource001,marky63,300.0,299.0,Early,Late,210.0,0.0
1644252877,Cartier wristwatch,7 day auction,1524.99,510.0,skygirlab,berler@msn.com,1524.99,1500.0,Early,Early,0.0,0.0
1644309984,Cartier wristwatch,7 day auction,430.0,510.0,hhfgf,friscotheman@aol.com,430.0,425.0,Late,Late,80.0,0.0
1644327264,Cartier wristwatch,5 day auction,425.0,510.0,netabe,sebring-1,425.0,420.0,Late,Late,85.0,0.0
1644343468,Cartier wristwatch,7 day auction,1038.99,510.0,5038scoopy,chi-town7,1038.99,1013.99,Late,Late,0.0,0.0
1644357387,Cartier wristwatch,7 day auction,640.0,510.0,bobfitz@bellsouth.net,hhfgf,640.0,630.0,Early,Late,0.0,0.0
1644594033,Cartier wristwatch,7 day auction,498.0,510.0,hora01,boraborabora,498.0,493.0,Late,Late,12.0,0.0
1644681469,Cartier wristwatch,7 day auction,935.0,510.0,alfietravers,eosnead@aol.com,935.0,925.0,Late,Late,0.0,0.0
1644724061,Cartier wristwatch,7 day auction,305.0,510.0,tongyan,dream4321,305.0,300.0,Late,Late,205.0,0.0
1644739924,Cartier wristwatch,7 day auction,455.0,510.0,dollfacepumpkin,gram999,455.0,450.0,Late,Late,55.0,0.0
1644752795,Cartier wristwatch,7 day auction,1800.0,510.0,golfhacksaw,ljr32,1800.0,1775.0,Late,Early,0.0,0.0
1644760539,Cartier wristwatch,7 day auction,327.23,510.0,bosspad,vat15@earthlink.net,327.23,322.23,Late,Late,182.76999999999998,0.0
1645542737,Cartier wristwatch,5 day auction,386.0,510.0,nola,gisbert,386.0,381.0,Late,Early,124.0,0.0
1645594382,Cartier wristwatch,7 day auction,500.0,510.0,tea_pot_girl,fveta,500.0,252.5,Late,Late,10.0,0.0
1645883276,Cartier wristwatch,3 day auction,610.0,510.0,sb812,pereluzi00,610.0,600.0,Late,Early,0.0,0.0
1645914432,Cartier wristwatch,3 day auction,511.0,510.0,gracedivine,beelprez,511.0,501.0,Late,Early,0.0,0.0
1645989170,Cartier wristwatch,7 day auction,280.0,510.0,cudd8963@aol.com,sactogroove,280.0,275.0,Late,Late,230.0,0.0
1646007296,Cartier wristwatch,7 day auction,113.5,510.0,dadjr@stargate.net,crazy4watches,113.5,111.0,Late,Late,396.5,0.0
1646079608,Cartier wristwatch,5 day auction,438.0,510.0,ivette.ramirez,gbcoins,438.0,433.0,Early,Late,72.0,0.0
1646145109,Cartier wristwatch,7 day auction,355.0,510.0,varvara_b,hseldin,355.0,350.0,Late,Late,155.0,0.0
1646353713,Cartier wristwatch,3 day auction,1735.0,510.0,barginbook,pereluzi00,1735.0,1710.0,Late,Late,0.0,0.0
1646448593,Cartier wristwatch,5 day auction,202.5,510.0,queendebi2000,hhfgf,202.5,200.0,Late,Late,307.5,0.0
1646573469,Cartier wristwatch,7 day auction,1226.0,510.0,investmoore2,pwr2mvu,1226.0,1201.0,Late,Late,0.0,0.0
1646988233,Cartier wristwatch,5 day auction,620.0,510.0,pgrimes,averart,620.0,610.0,Late,Late,0.0,0.0
1647149304,Cartier wristwatch,3 day auction,752.56,510.0,chi-town7,auntdotbids,752.56,742.56,Late,Late,0.0,0.0
1647320738,Cartier wristwatch,7 day auction,452.87,510.0,pcsoftwareman,jepattiii,452.87,450.0,Late,Early,57.129999999999995,0.0
1647329406,Cartier wristwatch,7 day auction,1000.0,510.0,19750926o,cbcolqunoun,1000.0,800.0,Late,Late,0.0,0.0
1647567213,Cartier wristwatch,7 day auction,1525.0,510.0,lemsgems,englishteacher21,1525.0,1500.0,Late,Early,0.0,0.0
1647637035,Cartier wristwatch,7 day auction,390.0,510.0,libobo,kfreyvog@tampabay.rr.com,390.0,385.0,Late,Late,120.0,0.0
1647844282,Cartier wristwatch,7 day auction,1035.0,510.0,millyjohn,asianstar_pat,1035.0,1010.0,Late,Late,0.0,0.0
1647846714,Cartier wristwatch,7 day auction,905.45,510.0,lc30,netabe,905.45,901.99,Late,Late,0.0,0.0
1647870862,Cartier wristwatch,3 day auction,1250.0,510.0,pressmer1,kakruse,1250.0,1225.0,Late,Late,0.0,0.0
1648041601,Cartier wristwatch,7 day auction,335.0,510.0,bogdanbost,jzdennis,335.0,330.0,Late,Late,175.0,0.0
1648176677,Cartier wristwatch,7 day auction,306.88,510.0,timevu,latinirish,306.88,301.88,Late,Early,203.12,0.0
1648193761,Cartier wristwatch,7 day auction,179.5,510.0,timevu,earljrainbow,179.5,177.0,Late,Late,330.5,0.0
1648233039,Cartier wristwatch,3 day auction,176.5,510.0,cmtk1,tonyfred1@aol.com,176.5,174.0,Early,Late,333.5,0.0
1648252368,Cartier wristwatch,7 day auction,680.0,510.0,fuzzy3028,yuriyshrifteylik@altavist,680.0,670.0,Late,Late,0.0,0.0
1648363974,Cartier wristwatch,7 day auction,407.0,510.0,smileoften,motion32,407.0,402.0,Late,Late,103.0,0.0
1648613621,Cartier wristwatch,7 day auction,405.0,510.0,jzdennis,hillaryirene@earthlink.ne,405.0,400.0,Late,Early,105.0,0.0
1648661746,Cartier wristwatch,7 day auction,540.0,510.0,poplim,tealeaf9,540.0,530.0,Late,Late,0.0,0.0
1648706567,Cartier wristwatch,5 day auction,202.5,510.0,marie0711,ntrudeau,202.5,200.0,Late,Late,307.5,0.0
1648782304,Cartier wristwatch,3 day auction,405.0,510.0,cars4016,claxonn,405.0,400.0,Early,Early,105.0,0.0
1648968984,Cartier wristwatch,5 day auction,960.0,510.0,hjg6593,worze@washcorp.com,960.0,950.0,Late,Late,0.0,0.0
1649028956,Cartier wristwatch,5 day auction,731.21,510.0,uscmd@aol.com,glenpi,731.21,721.21,Late,Late,0.0,0.0
1649131866,Cartier wristwatch,3 day auction,304.98,510.0,cbcolqunoun,bigpoppalarock,304.98,299.98,Late,Late,205.01999999999998,0.0
1649173313,Cartier wristwatch,7 day auction,349.99,510.0,wlp@mediaone.net,saphi7171@amexol.net,349.99,260.0,Late,Late,160.01,0.0
1649513497,Cartier wristwatch,7 day auction,1625.0,510.0,vpham.2000,growingwild,1625.0,1600.0,Late,Early,0.0,0.0
1649567847,Cartier wristwatch,7 day auction,2325.0,510.0,jettie21,page5@aol.com,2325.0,2300.0,Late,Late,0.0,0.0
1649639405,Cartier wristwatch,7 day auction,1880.0,510.0,skkindvall@scottsbluff.ne,boberlander@slk.com,1880.0,1855.0,Late,Early,0.0,0.0
1649718196,Cartier wristwatch,7 day auction,1799.0,510.0,rrsumba,gjunca,1799.0,1701.0,Late,Late,0.0,0.0
1649726994,Cartier wristwatch,3 day auction,2500.0,510.0,drumzz,wworld@bignet.net,2500.0,2000.0,Late,Late,0.0,0.0
1649757877,Cartier wristwatch,7 day auction,760.0,510.0,pereluzi00,xela15,760.0,750.0,Early,Early,0.0,0.0
1649808226,Cartier wristwatch,7 day auction,1720.0,510.0,inside-i,luxustoys,1720.0,1695.0,Late,Late,0.0,0.0
1649845539,Cartier wristwatch,7 day auction,609.99,510.0,smartgirl0204,pro2cer@hotmail.com,609.99,599.99,Late,Late,0.0,0.0
1649848613,Cartier wristwatch,7 day auction,1100.0,510.0,njbirdmom,19750926o,1100.0,910.0,Early,Early,0.0,0.0
1649858595,Cartier wristwatch,7 day auction,202.5,510.0,gladioly68,bahamawoman,202.5,200.0,Late,Early,307.5,0.0
1649944294,Cartier wristwatch,7 day auction,1485.0,510.0,strongob,boxsterbear,1485.0,1460.0,Late,Late,0.0,0.0
1650162165,Cartier wristwatch,7 day auction,620.0,510.0,24knice,tampa_tap,620.0,610.0,Late,Late,0.0,0.0
1650406935,Cartier wristwatch,5 day auction,1525.0,510.0,bertottifrank,coolcars12345,1525.0,1500.0,Late,Late,0.0,0.0
1650483277,Cartier wristwatch,7 day auction,124.25,510.0,cindy4779,darwal-dep,124.25,121.75,Late,Late,385.75,0.0
1650515990,Cartier wristwatch,7 day auction,850.0,510.0,signedpiecesinc,sandragian,850.0,500.0,Late,Early,0.0,0.0
1650530689,Cartier wristwatch,7 day auction,3050.0,510.0,rplfunding,alexiku,3050.0,3000.0,Late,Early,0.0,0.0
1650699048,Cartier wristwatch,7 day auction,154.38,510.0,overflowingcloset,bupper99,154.38,151.88,Late,Late,355.62,0.0
1650981438,Cartier wristwatch,7 day auction,380.0,510.0,singdiam,1italian69,380.0,375.0,Early,Early,130.0,0.0
1650986455,Cartier wristwatch,7 day auction,405.0,510.0,gram999,sandseller,405.0,400.0,Early,Early,105.0,0.0
2920317714,Palm Pilot M515 PDA,7 day auction,260.0,231.5,jde0216,chancey99,260.0,255.0,Late,Late,0.0,0.0
2920320059,Palm Pilot M515 PDA,3 day auction,256.86,231.5,misdsupt,miclakennels,256.86,251.86,Late,Late,0.0,0.0
2920322392,Palm Pilot M515 PDA,5 day auction,260.0,231.5,jde0216,ibiza_girl99,260.0,260.0,Late,Late,0.0,0.0
2920504693,Palm Pilot M515 PDA,7 day auction,238.02,231.5,whitewhile,chronolog2003,238.02,235.52,Late,Late,0.0,0.0
3013787547,Palm Pilot M515 PDA,7 day auction,231.5,231.5,tom*ipc,djkesavan,231.5,229.0,Early,Late,0.0,0.0
3013839128,Palm Pilot M515 PDA,7 day auction,251.11,231.5,urblut,daka2000,251.11,250.0,Late,Late,0.0,0.0
3013874420,Palm Pilot M515 PDA,7 day auction,247.5,231.5,gizguy65,gwharp,247.5,245.0,Late,Late,0.0,0.0
3013884772,Palm Pilot M515 PDA,7 day auction,237.5,231.5,antjr0,timgoodnight,237.5,235.0,Late,Late,0.0,0.0
3013912877,Palm Pilot M515 PDA,7 day auction,232.5,231.5,daka2000,jcjdoss,232.5,230.0,Late,Late,0.0,0.0
3013951754,Palm Pilot M515 PDA,5 day auction,242.5,231.5,oscarwinningdirector,viman2,242.5,240.0,Late,Late,0.0,0.0
3014012075,Palm Pilot M515 PDA,5 day auction,250.0,231.5,viman2,dkdubose,250.0,250.0,Late,Late,0.0,0.0
3014012355,Palm Pilot M515 PDA,7 day auction,240.0,231.5,msvjcpa,timgoodnight,240.0,240.0,Late,Late,0.0,0.0
3014012365,Palm Pilot M515 PDA,7 day auction,237.5,231.5,wmyers1020,timgoodnight,237.5,235.0,Late,Late,0.0,0.0
3014085073,Palm Pilot M515 PDA,5 day auction,259.02,231.5,prtc,manoo75,259.02,254.02,Late,Late,0.0,0.0
3014314236,Palm Pilot M515 PDA,5 day auction,280.0,231.5,susan_hopkinson_fishman,wendypatton,280.0,275.0,Late,Late,0.0,0.0
3014467615,Palm Pilot M515 PDA,7 day auction,280.0,231.5,shelliow,lcw2003,280.0,275.0,Late,Late,0.0,0.0
3014480955,Palm Pilot M515 PDA,7 day auction,260.0,231.5,ctownjoe,catluvr2,260.0,255.0,Late,Late,0.0,0.0
3014527296,Palm Pilot M515 PDA,7 day auction,253.0,231.5,sunshine_007,81301,253.0,250.0,Late,Late,0.0,0.0
3014572100,Palm Pilot M515 PDA,7 day auction,240.0,231.5,bbbee,jjbushjj,240.0,237.5,Late,Late,0.0,0.0
3014616784,Palm Pilot M515 PDA,7 day auction,234.01,231.5,stevenbraden,itsmgr817,234.01,231.51,Late,Late,0.0,0.0
3014671042,Palm Pilot M515 PDA,7 day auction,252.51,231.5,by_a_bay,cashman517@aol.com,252.51,250.0,Late,Late,0.0,0.0
3014772364,Palm Pilot M515 PDA,5 day auction,270.0,231.5,kbuffaline,drrebhuhn,270.0,265.0,Late,Late,0.0,0.0
3014792711,Palm Pilot M515 PDA,7 day auction,233.02,231.5,jlbbears,bk_black,233.02,230.55,Late,Late,0.0,0.0
3014797177,Palm Pilot M515 PDA,3 day auction,222.5,231.5,fayray5k,polish_mistress,222.5,220.0,Late,Late,9.0,0.0
3014834745,Palm Pilot M515 PDA,3 day auction,213.5,231.5,pabexp,burkzzy,213.5,211.0,Late,Late,18.0,0.0
3014834982,Palm Pilot M515 PDA,5 day auction,217.5,231.5,u05409,laughter_girl,217.5,215.0,Late,Late,14.0,0.0
3014835507,Palm Pilot M515 PDA,7 day auction,207.5,231.5,larrypem42,d_mike_h,207.5,205.0,Late,Late,24.0,0.0
3014836964,Palm Pilot M515 PDA,7 day auction,208.01,231.5,d_mike_h,chrisa76,208.01,205.51,Late,Late,23.49000000000001,0.0
3014844738,Palm Pilot M515 PDA,3 day auction,213.5,231.5,fayray5k,burkzzy,213.5,211.0,Late,Late,18.0,0.0
3014844871,Palm Pilot M515 PDA,5 day auction,210.0,231.5,bobmagbole,mmannboat,210.0,210.0,Late,Late,21.5,0.0
3014878060,Palm Pilot M515 PDA,7 day auction,255.0,231.5,reachrc,cjohhny,255.0,250.0,Late,Early,0.0,0.0
3015011363,Palm Pilot M515 PDA,3 day auction,270.0,231.5,kathie725,by_a_bay,270.0,265.0,Late,Late,0.0,0.0
3015053455,Palm Pilot M515 PDA,3 day auction,260.0,231.5,a_dolphin44,hrhprincevince,260.0,222.5,Late,Late,0.0,0.0
3015053536,Palm Pilot M515 PDA,5 day auction,207.6,231.5,gibrandiab,music_by_design,207.6,205.1,Late,Late,23.900000000000006,0.0
3015053617,Palm Pilot M515 PDA,7 day auction,210.01,231.5,bk_black,chrisa76,210.01,209.51,Late,Late,21.49000000000001,0.0
3015060138,Palm Pilot M515 PDA,5 day auction,212.5,231.5,jimmylam1,swingingsteely,212.5,210.0,Late,Early,19.0,0.0
3015103095,Palm Pilot M515 PDA,7 day auction,202.5,231.5,rbpear,wmgirl333,202.5,200.0,Late,Early,29.0,0.0
3015148398,Palm Pilot M515 PDA,7 day auction,255.25,231.5,sportsboi,ztm25,255.25,250.25,Late,Late,0.0,0.0
3015318631,Palm Pilot M515 PDA,3 day auction,255.0,231.5,81301,wholesalejewelery,255.0,250.0,Late,Late,0.0,0.0
3015328849,Palm Pilot M515 PDA,7 day auction,212.5,231.5,witchy_wmn,drjmitch,212.5,210.0,Late,Late,19.0,0.0
3015344188,Palm Pilot M515 PDA,5 day auction,235.0,231.5,freedom*48,oldtimer52golf,235.0,232.5,Late,Late,0.0,0.0
3015358053,Palm Pilot M515 PDA,5 day auction,260.0,231.5,mdcarmon,cjohhny,260.0,255.0,Late,Late,0.0,0.0
3015396986,Palm Pilot M515 PDA,7 day auction,227.5,231.5,g.scottwarner,jireyes,227.5,225.0,Late,Late,4.0,0.0
3015467305,Palm Pilot M515 PDA,7 day auction,227.5,231.5,hoosierfirefighter,dastew6069,227.5,225.0,Late,Late,4.0,0.0
3015469474,Palm Pilot M515 PDA,5 day auction,235.0,231.5,dsc420,misdsupt,235.0,232.5,Late,Late,0.0,0.0
3015513105,Palm Pilot M515 PDA,5 day auction,229.04,231.5,jackelopeus,stutz688,229.04,226.54,Late,Late,2.460000000000008,0.0
3015513138,Palm Pilot M515 PDA,3 day auction,226.0,231.5,hewittne,cooliojulio,226.0,225.0,Late,Late,5.5,0.0
3015520083,Palm Pilot M515 PDA,3 day auction,213.05,231.5,wedav,maenerd50,213.05,210.55,Late,Late,18.44999999999999,0.0
3015520299,Palm Pilot M515 PDA,5 day auction,232.5,231.5,lbkornyoh,diracnz,232.5,230.0,Late,Late,0.0,0.0
3015520551,Palm Pilot M515 PDA,7 day auction,232.5,231.5,friend_id,dwalljax,232.5,230.0,Late,Late,0.0,0.0
3015546956,Palm Pilot M515 PDA,7 day auction,255.0,231.5,fir_tree,cjohhny,255.0,250.0,Late,Early,0.0,0.0
3015549707,Palm Pilot M515 PDA,7 day auction,255.0,231.5,scurtright,cjohhny,255.0,250.0,Late,Late,0.0,0.0
3015592850,Palm Pilot M515 PDA,5 day auction,231.02,231.5,stutz688,this-n-that0_0,231.02,228.52,Late,Late,0.47999999999998977,0.0
3015632013,Palm Pilot M515 PDA,7 day auction,215.03,231.5,friend_id,kookie98,215.03,212.53,Late,Late,16.47,0.0
3015682701,Palm Pilot M515 PDA,7 day auction,222.5,231.5,jonsphilly,dwalljax,222.5,220.0,Late,Late,9.0,0.0
3015694920,Palm Pilot M515 PDA,3 day auction,270.0,231.5,gidionlab,kantipandya,270.0,270.0,Late,Early,0.0,0.0
3015710025,Palm Pilot M515 PDA,3 day auction,242.5,231.5,meir8604,johnoots631,242.5,240.0,Late,Early,0.0,0.0
3015710036,Palm Pilot M515 PDA,7 day auction,262.0,231.5,cjtaylorx2,janeandeli,262.0,261.5,Late,Late,0.0,0.0
3015710047,Palm Pilot M515 PDA,5 day auction,255.01,231.5,gidionlab,johnoots631,255.01,250.01,Late,Late,0.0,0.0
3015826410,Palm Pilot M515 PDA,7 day auction,232.5,231.5,daleydn,welty1golfer303,232.5,230.0,Late,Late,0.0,0.0
3015860830,Palm Pilot M515 PDA,3 day auction,274.0,231.5,lewes38,cjohhny,274.0,269.0,Late,Late,0.0,0.0
3015898779,Palm Pilot M515 PDA,7 day auction,255.0,231.5,dwalljax,dschettl,255.0,250.0,Late,Late,0.0,0.0
3015909210,Palm Pilot M515 PDA,3 day auction,232.5,231.5,bk_black,dwalljax,232.5,230.0,Late,Late,0.0,0.0
3015909534,Palm Pilot M515 PDA,5 day auction,207.5,231.5,nikehightops,mpowerbim,207.5,205.0,Late,Late,24.0,0.0
3015909790,Palm Pilot M515 PDA,7 day auction,207.5,231.5,tel-tek,scottyhotwheels,207.5,205.0,Late,Late,24.0,0.0
3015915692,Palm Pilot M515 PDA,7 day auction,220.0,231.5,scottyhotwheels,dlord254,220.0,220.0,Late,Late,11.5,0.0
3015942588,Palm Pilot M515 PDA,5 day auction,212.5,231.5,marie1c,adamsees,212.5,210.0,Late,Late,19.0,0.0
3015958025,Palm Pilot M515 PDA,3 day auction,226.03,231.5,bk_black,chrisa76,226.03,223.53,Late,Late,5.469999999999999,0.0
3016035790,Palm Pilot M515 PDA,7 day auction,197.5,231.5,jonathanyoung@clear.net.nz,germanojp,197.5,195.0,Late,Late,34.0,0.0
3016189459,Palm Pilot M515 PDA,7 day auction,210.21,231.5,fotofes@aeneas.net,gkienz,210.21,207.71,Late,Late,21.289999999999992,0.0
3016329182,Palm Pilot M515 PDA,5 day auction,251.0,231.5,alex19802,jsjcs,251.0,248.5,Late,Late,0.0,0.0
3016342535,Palm Pilot M515 PDA,3 day auction,247.8,231.5,bbeck3166,maxoutdad,247.8,245.3,Late,Late,0.0,0.0
3016384270,Palm Pilot M515 PDA,3 day auction,248.5,231.5,john_kar,daleydn,248.5,246.0,Late,Late,0.0,0.0
3016384507,Palm Pilot M515 PDA,3 day auction,270.0,231.5,janeandeli,daleydn,270.0,265.0,Late,Late,0.0,0.0
3016385067,Palm Pilot M515 PDA,3 day auction,260.04,231.5,johnoots631,fordpartsfast,260.04,255.04,Late,Late,0.0,0.0
3016427640,Palm Pilot M515 PDA,5 day auction,245.0,231.5,thee123,rxtoddsterr,245.0,245.0,Late,Late,0.0,0.0
3016429446,Palm Pilot M515 PDA,5 day auction,193.0,231.5,poolside48,bigmeesa,193.0,190.5,Late,Late,38.5,0.0
3016458866,Palm Pilot M515 PDA,3 day auction,212.5,231.5,dwalljax,arsalgon,212.5,210.0,Late,Late,19.0,0.0
3016459024,Palm Pilot M515 PDA,5 day auction,200.0,231.5,mlivas,ekarban,200.0,200.0,Late,Late,31.5,0.0
3016610859,Palm Pilot M515 PDA,7 day auction,222.5,231.5,skippy388@aol.com,ronitocarlucha,222.5,220.0,Late,Late,9.0,0.0
3016623337,Palm Pilot M515 PDA,3 day auction,232.5,231.5,toni621,romjongo,232.5,230.0,Late,Late,0.0,0.0
3016651485,Palm Pilot M515 PDA,3 day auction,212.5,231.5,nikehightops,mist236,212.5,210.0,Early,Late,19.0,0.0
3016710166,Palm Pilot M515 PDA,3 day auction,232.5,231.5,luckmansilk,ahostet,232.5,230.0,Late,Late,0.0,0.0
3016770041,Palm Pilot M515 PDA,7 day auction,227.5,231.5,jdwaite25,mpm45,227.5,225.0,Late,Late,4.0,0.0
3016771147,Palm Pilot M515 PDA,7 day auction,255.0,231.5,fayray5k,jillybilly32,255.0,250.0,Late,Late,0.0,0.0
3016832602,Palm Pilot M515 PDA,7 day auction,192.0,231.5,osgr1,dvsalama,192.0,190.0,Late,Late,39.5,0.0
3016891898,Palm Pilot M515 PDA,5 day auction,240.0,231.5,magggiecat,cathaileycat,240.0,237.5,Late,Late,0.0,0.0
3016892738,Palm Pilot M515 PDA,5 day auction,237.5,231.5,mammad,chinacrete,237.5,235.0,Late,Late,0.0,0.0
3016893433,Palm Pilot M515 PDA,5 day auction,225.0,231.5,mpm45,chevyshopper,225.0,165.0,Late,Late,6.5,0.0
3017449549,Palm Pilot M515 PDA,7 day auction,235.5,231.5,samsaralo,ihartvig,235.5,233.0,Late,Late,0.0,0.0
3017456210,Palm Pilot M515 PDA,7 day auction,232.5,231.5,deans_law,rajwani,232.5,230.0,Late,Late,0.0,0.0
3017457773,Palm Pilot M515 PDA,7 day auction,206.0,231.5,daryuvish,thrassos,206.0,203.51,Late,Late,25.5,0.0
3017533541,Palm Pilot M515 PDA,7 day auction,238.0,231.5,scarrletthro,havokzprodigy,238.0,235.5,Late,Late,0.0,0.0
3017602583,Palm Pilot M515 PDA,5 day auction,183.5,231.5,steebie98,weshead,183.5,181.0,Late,Late,48.0,0.0
3017626592,Palm Pilot M515 PDA,7 day auction,227.5,231.5,bazbdkb,2shake,227.5,225.0,Late,Late,4.0,0.0
3017676972,Palm Pilot M515 PDA,7 day auction,255.0,231.5,musiced99,echozulu,255.0,250.0,Late,Late,0.0,0.0
3017736272,Palm Pilot M515 PDA,7 day auction,238.0,231.5,queendomof4,jaroclay8,255.0,250.01,Late,Late,0.0,0.0
3017841326,Palm Pilot M515 PDA,7 day auction,238.0,231.5,zrt800,jpbaskets,238.0,235.5,Late,Late,0.0,0.0
3017907666,Palm Pilot M515 PDA,7 day auction,238.5,231.5,omaddog,arle75,238.5,236.0,Late,Late,0.0,0.0
3017911925,Palm Pilot M515 PDA,3 day auction,290.0,231.5,sunshineycarolyn,jwarren@barkani.com,290.0,290.0,Late,Late,0.0,0.0
3017923068,Palm Pilot M515 PDA,3 day auction,220.01,231.5,jmwingate,dwavedwave,220.01,217.51,Late,Late,11.490000000000009,0.0
3017950485,Palm Pilot M515 PDA,3 day auction,225.0,231.5,srcarguy@aol.com,bazbdkb,225.0,223.5,Late,Early,6.5,0.0
3018011210,Palm Pilot M515 PDA,7 day auction,243.5,231.5,jviales,julhale,243.5,241.0,Late,Late,0.0,0.0
3018065500,Palm Pilot M515 PDA,7 day auction,232.5,231.5,casnuts,julhale,232.5,230.0,Late,Late,0.0,0.0
3018091954,Palm Pilot M515 PDA,7 day auction,232.5,231.5,arle75,jda73,232.5,230.0,Late,Late,0.0,0.0
3018131250,Palm Pilot M515 PDA,5 day auction,225.0,231.5,ablotkamp,fhe13,225.0,223.89,Late,Late,6.5,0.0
3018228635,Palm Pilot M515 PDA,7 day auction,242.5,231.5,balandran,carr2n,242.5,240.0,Late,Late,0.0,0.0
3018288277,Palm Pilot M515 PDA,7 day auction,241.5,231.5,billyboy003,galaxymom8714,241.5,239.0,Late,Late,0.0,0.0
3018375809,Palm Pilot M515 PDA,7 day auction,217.52,231.5,charylouis,paramedic1865,217.52,215.02,Late,Late,13.97999999999999,0.0
3018453060,Palm Pilot M515 PDA,3 day auction,266.0,231.5,gerryhe59,robingenisis,266.0,261.0,Late,Late,0.0,0.0
3018457930,Palm Pilot M515 PDA,7 day auction,227.5,231.5,aabbiding,reharrell,227.5,225.0,Late,Late,4.0,0.0
3018581708,Palm Pilot M515 PDA,7 day auction,234.5,231.5,ogilvy0796,dosborne7474,234.5,232.0,Late,Late,0.0,0.0
3018594562,Palm Pilot M515 PDA,3 day auction,244.0,231.5,broadcastman23,tdeegs1@attbi.com,244.0,241.5,Late,Late,0.0,0.0
3018604649,Palm Pilot M515 PDA,7 day auction,237.5,231.5,bebedah7,teflood@uncg.edu,237.5,235.0,Late,Late,0.0,0.0
3018623685,Palm Pilot M515 PDA,7 day auction,222.5,231.5,tlinglin,bebedah7,222.5,220.0,Late,Late,9.0,0.0
3018632224,Palm Pilot M515 PDA,7 day auction,214.5,231.5,burtis_323,scottbowen,214.5,212.0,Late,Late,17.0,0.0
3018729635,Palm Pilot M515 PDA,7 day auction,247.5,231.5,thetrimmer,hmleedds,247.5,245.0,Late,Late,0.0,0.0
3018732453,Palm Pilot M515 PDA,5 day auction,212.5,231.5,narlab,jetkona,212.5,210.0,Late,Late,19.0,0.0
3018738379,Palm Pilot M515 PDA,5 day auction,250.0,231.5,docrisser30,hmleedds,250.0,248.0,Late,Late,0.0,0.0
3018788243,Palm Pilot M515 PDA,7 day auction,245.0,231.5,kjtucker76,reharrell,245.0,243.0,Late,Late,0.0,0.0
3018792064,Palm Pilot M515 PDA,7 day auction,225.0,231.5,mustang386@aol.com,jerrylwargames,225.0,223.0,Late,Late,6.5,0.0
3018868918,Palm Pilot M515 PDA,3 day auction,224.72,231.5,julhale,narlab,224.72,222.22,Late,Late,6.780000000000001,0.0
3018904443,Palm Pilot M515 PDA,7 day auction,222.5,231.5,hmleedds,ladymi1081,222.5,220.0,Late,Late,9.0,0.0
3018964794,Palm Pilot M515 PDA,5 day auction,212.0,231.5,celinacat,ann1230_11,212.0,210.0,Late,Late,19.5,0.0
3018989545,Palm Pilot M515 PDA,7 day auction,283.5,231.5,adriana1970,alexbaker98,283.5,280.5,Late,Late,0.0,0.0
3018994053,Palm Pilot M515 PDA,3 day auction,177.5,231.5,paramedic1865,therenoracer,177.5,175.0,Late,Late,54.0,0.0
3019008453,Palm Pilot M515 PDA,3 day auction,222.5,231.5,galaxymom8714,scottbowen,222.5,220.0,Late,Early,9.0,0.0
3019070859,Palm Pilot M515 PDA,7 day auction,228.01,231.5,tzina,sh3100,228.01,225.51,Late,Late,3.490000000000009,0.0
3019086590,Palm Pilot M515 PDA,7 day auction,207.5,231.5,dbessone,dtran908,207.5,205.0,Late,Late,24.0,0.0
3019100520,Palm Pilot M515 PDA,7 day auction,230.5,231.5,fbousell,reharrell,230.5,228.0,Late,Late,1.0,0.0
3019119068,Palm Pilot M515 PDA,7 day auction,200.0,231.5,vpspr,kyjessmom,200.0,200.0,Late,Late,31.5,0.0
3019146651,Palm Pilot M515 PDA,7 day auction,240.0,231.5,saltcreekenterprises,keen.ken,240.0,237.5,Late,Late,0.0,0.0
3019148335,Palm Pilot M515 PDA,7 day auction,232.5,231.5,kenjimfu,reharrell,232.5,230.0,Late,Late,0.0,0.0
3019173309,Palm Pilot M515 PDA,7 day auction,230.0,231.5,turtlesteele,navid_k,230.0,230.0,Late,Late,1.5,0.0
3019224930,Palm Pilot M515 PDA,5 day auction,195.1,231.5,virginia650,milasalang,195.1,192.6,Late,Late,36.400000000000006,0.0
3019245076,Palm Pilot M515 PDA,7 day auction,232.5,231.5,masterpiece321,reharrell,232.5,230.0,Late,Late,0.0,0.0
3019259186,Palm Pilot M515 PDA,7 day auction,245.0,231.5,dtran908,verstovia16,245.0,242.5,Late,Late,0.0,0.0
3019271858,Palm Pilot M515 PDA,7 day auction,245.0,231.5,vazeerys,jster32,245.0,244.5,Late,Late,0.0,0.0
3019326300,Palm Pilot M515 PDA,7 day auction,207.5,231.5,jaybird0_1,chris20w77,207.5,205.0,Late,Late,24.0,0.0
3019326870,Palm Pilot M515 PDA,7 day auction,237.5,231.5,wuzzie01,reharrell,237.5,235.0,Late,Late,0.0,0.0
3019342231,Palm Pilot M515 PDA,7 day auction,186.51,231.5,bpsmit28,mzc64,186.51,185.03,Late,Late,44.99000000000001,0.0
3019342390,Palm Pilot M515 PDA,5 day auction,211.5,231.5,ladymi1081,plato250,211.5,209.0,Late,Late,20.0,0.0
3019354114,Palm Pilot M515 PDA,5 day auction,232.5,231.5,rulys_closet,kreggk,232.5,230.0,Late,Late,0.0,0.0
3019428008,Palm Pilot M515 PDA,7 day auction,240.5,231.5,reharrell,tuannyan,240.5,238.0,Late,Late,0.0,0.0
3019459282,Palm Pilot M515 PDA,7 day auction,232.5,231.5,ralph86,bellefeuille02360,232.5,230.0,Late,Late,0.0,0.0
3019508285,Palm Pilot M515 PDA,3 day auction,255.0,231.5,kewled,tide3146,255.0,250.0,Late,Early,0.0,0.0
3019515786,Palm Pilot M515 PDA,7 day auction,265.0,231.5,dr.feelgoodxxx,coachbarnett1,265.0,260.0,Late,Late,0.0,0.0
3019516140,Palm Pilot M515 PDA,7 day auction,220.0,231.5,chris20w77,ike_grady,220.0,219.0,Late,Late,11.5,0.0
3019530013,Palm Pilot M515 PDA,7 day auction,250.01,231.5,doctorg9,tide3146,250.01,250.0,Late,Early,0.0,0.0
3019540740,Palm Pilot M515 PDA,7 day auction,255.0,231.5,lordbolic,coachbarnett1,255.0,250.0,Late,Late,0.0,0.0
3019559023,Palm Pilot M515 PDA,3 day auction,217.5,231.5,bearsioux,cruncheese@aol.com,217.5,215.0,Late,Late,14.0,0.0
3019610737,Palm Pilot M515 PDA,7 day auction,250.0,231.5,rolfhubert,coachbarnett1,250.0,250.0,Late,Late,0.0,0.0
3019696199,Palm Pilot M515 PDA,7 day auction,247.5,231.5,john0526,tabmeout,247.5,245.0,Late,Late,0.0,0.0
3019716900,Palm Pilot M515 PDA,5 day auction,244.72,231.5,rjc5440@aol.com,heatrichi,244.72,242.22,Late,Late,0.0,0.0
3019783040,Palm Pilot M515 PDA,7 day auction,232.5,231.5,jeremyballen@hotmail.com,bluelagoon1234,232.5,230.0,Late,Late,0.0,0.0
3019821569,Palm Pilot M515 PDA,7 day auction,240.0,231.5,promoworld5,mel1kkg,240.0,240.0,Late,Late,0.0,0.0
3019873456,Palm Pilot M515 PDA,7 day auction,242.51,231.5,daryl612,bluelagoon1234,242.51,240.01,Late,Late,0.0,0.0
3019881842,Palm Pilot M515 PDA,3 day auction,260.0,231.5,eptaylo2,alexbaker98,260.0,256.09,Late,Late,0.0,0.0
3019972424,Palm Pilot M515 PDA,7 day auction,242.5,231.5,sdkbd,elbooko,242.5,240.0,Late,Late,0.0,0.0
3019975492,Palm Pilot M515 PDA,5 day auction,202.5,231.5,chaquita,gprixwvu@yahoo.com,202.5,200.0,Late,Late,29.0,0.0
3020017121,Palm Pilot M515 PDA,7 day auction,247.5,231.5,paintballer78@hotmail.com,bluelagoon1234,247.5,245.0,Late,Late,0.0,0.0
3020026227,Palm Pilot M515 PDA,7 day auction,235.0,231.5,elbooko,cgb2002,235.0,232.5,Late,Late,0.0,0.0
3020060476,Palm Pilot M515 PDA,7 day auction,230.0,231.5,wshui,cgb2002,230.0,227.5,Late,Late,1.5,0.0
3020109475,Palm Pilot M515 PDA,7 day auction,217.5,231.5,dzgirl2003,cathaileycat,217.5,215.0,Late,Late,14.0,0.0
3020125049,Palm Pilot M515 PDA,7 day auction,228.49,231.5,bmcp99,dzgirl2003,228.49,225.99,Late,Late,3.009999999999991,0.0
3020143804,Palm Pilot M515 PDA,7 day auction,232.5,231.5,canis58,9600ggp,232.5,230.0,Late,Late,0.0,0.0
3020157897,Palm Pilot M515 PDA,3 day auction,227.5,231.5,zsmitgea,probass3,227.5,225.0,Late,Late,4.0,0.0
3020159852,Palm Pilot M515 PDA,7 day auction,225.0,231.5,dzgirl2003,cntrygl29,225.0,202.5,Late,Late,6.5,0.0
3020160387,Palm Pilot M515 PDA,7 day auction,208.0,231.5,cntrygl29,tweetybird_one@yahoo.com,208.0,205.5,Late,Late,23.5,0.0
3020237085,Palm Pilot M515 PDA,7 day auction,245.0,231.5,brucekassoc,samtemple,245.0,230.0,Late,Late,0.0,0.0
3020237201,Palm Pilot M515 PDA,7 day auction,232.5,231.5,barkleydog001,longdoggirl,232.5,230.0,Late,Late,0.0,0.0
3020242442,Palm Pilot M515 PDA,3 day auction,270.0,231.5,boogabuster,gidionlab,270.0,265.0,Early,Early,0.0,0.0
3020257463,Palm Pilot M515 PDA,7 day auction,244.5,231.5,cdrury18,kagsag5,244.5,242.0,Late,Late,0.0,0.0
3020274575,Palm Pilot M515 PDA,7 day auction,200.0,231.5,spirontech,hornetstinger92,200.0,175.0,Late,Late,31.5,0.0
3020329965,Palm Pilot M515 PDA,7 day auction,217.5,231.5,hornetstinger92,josetteamy,217.5,215.0,Late,Late,14.0,0.0
3020334869,Palm Pilot M515 PDA,7 day auction,240.01,231.5,vonchong1,graftonalamo,240.01,238.5,Late,Late,0.0,0.0
3020382619,Palm Pilot M515 PDA,7 day auction,217.5,231.5,kagsag5,jfree6280,217.5,215.0,Late,Late,14.0,0.0
3020431774,Palm Pilot M515 PDA,7 day auction,232.5,231.5,livemusics,cntrygl29,232.5,230.0,Late,Late,0.0,0.0
3020435332,Palm Pilot M515 PDA,7 day auction,212.5,231.5,golfpinkyandthebrain,hornetstinger92,212.5,210.0,Late,Late,19.0,0.0
3020454530,Palm Pilot M515 PDA,7 day auction,227.5,231.5,graftonalamo,pencrafter@wi.rr.com,227.5,225.0,Late,Late,4.0,0.0
3020526277,Palm Pilot M515 PDA,7 day auction,212.5,231.5,491142,josetteamy,212.5,210.0,Late,Late,19.0,0.0
3020532816,Palm Pilot M515 PDA,7 day auction,227.5,231.5,graftonalamo,biged091371,227.5,225.0,Late,Late,4.0,0.0
3020562562,Palm Pilot M515 PDA,7 day auction,250.0,231.5,buster_ag,cdellacqua,250.0,250.0,Late,Late,0.0,0.0
3020573049,Palm Pilot M515 PDA,3 day auction,220.0,231.5,ptaviz,pepperhds,220.0,217.5,Early,Late,11.5,0.0
3020632534,Palm Pilot M515 PDA,3 day auction,265.0,231.5,bvsapa@hotmail.com,jamaca522,265.0,260.0,Early,Early,0.0,0.0
3020684186,Palm Pilot M515 PDA,3 day auction,202.5,231.5,vonnie1977,televisionwiz,202.5,200.0,Late,Late,29.0,0.0
3020701670,Palm Pilot M515 PDA,5 day auction,265.0,231.5,melfaria,jacmatute,265.0,260.0,Late,Late,0.0,0.0
3020805007,Palm Pilot M515 PDA,5 day auction,232.5,231.5,rusbec6,jabarcher,232.5,230.0,Late,Late,0.0,0.0
3020818693,Palm Pilot M515 PDA,3 day auction,202.5,231.5,marlon369,jwfair,202.5,200.0,Late,Early,29.0,0.0
3020823944,Palm Pilot M515 PDA,5 day auction,237.5,231.5,carmloriga,bergita1@aol.com,237.5,235.0,Late,Late,0.0,0.0
3021003299,Palm Pilot M515 PDA,3 day auction,245.0,231.5,co2bud,ion7777,245.0,245.0,Late,Late,0.0,0.0
3021855303,Palm Pilot M515 PDA,7 day auction,199.99,231.5,batches,jimainpa@aol.com,199.99,191.05,Late,Late,31.50999999999999,0.0
3021870696,Palm Pilot M515 PDA,7 day auction,240.0,231.5,skit7815,nkcjwc,240.0,185.0,Late,Late,0.0,0.0
3021884961,Palm Pilot M515 PDA,7 day auction,227.5,231.5,flatblizzard,tshooky,227.5,225.0,Late,Late,4.0,0.0
3021965054,Palm Pilot M515 PDA,7 day auction,177.5,231.5,jimainpa@aol.com,cole7810,177.5,175.0,Late,Late,54.0,0.0
3021984260,Palm Pilot M515 PDA,7 day auction,240.0,231.5,donblau1,jonarocket,240.0,238.8,Late,Late,0.0,0.0
3022000145,Palm Pilot M515 PDA,7 day auction,245.0,231.5,wburton555@aol.com,princerichard,245.0,242.5,Late,Late,0.0,0.0
3022303986,Palm Pilot M515 PDA,7 day auction,227.5,231.5,alphapat1,kenrayborn,227.5,225.0,Late,Late,4.0,0.0
3022352711,Palm Pilot M515 PDA,7 day auction,217.0,231.5,is_that_you,holly--golightly,217.0,215.0,Late,Late,14.5,0.0
3022476363,Palm Pilot M515 PDA,7 day auction,255.01,231.5,mhserenity,toaste1,255.01,250.23,Late,Late,0.0,0.0
3022527291,Palm Pilot M515 PDA,7 day auction,222.5,231.5,daveum,filaan,222.5,220.0,Late,Late,9.0,0.0
3022613118,Palm Pilot M515 PDA,3 day auction,232.5,231.5,lazarogonzalez,silvrfox@lcc.net,232.5,230.0,Late,Late,0.0,0.0
3022668008,Palm Pilot M515 PDA,3 day auction,210.1,231.5,wichita_woman,raulbillini,210.1,210.0,Early,Late,21.400000000000006,0.0
3022716748,Palm Pilot M515 PDA,7 day auction,213.51,231.5,rickloveice,camotor1@aol.com,213.51,211.01,Late,Late,17.99000000000001,0.0
3022774388,Palm Pilot M515 PDA,7 day auction,207.5,231.5,rob1951,brokenstarre9,207.5,205.0,Late,Late,24.0,0.0
3022783472,Palm Pilot M515 PDA,7 day auction,215.0,231.5,jsanfla,maya_072101,215.0,215.0,Late,Late,16.5,0.0
3022785804,Palm Pilot M515 PDA,7 day auction,242.5,231.5,cakac,carleneart@aol.com,242.5,240.0,Late,Late,0.0,0.0
3022814911,Palm Pilot M515 PDA,3 day auction,225.0,231.5,sennol,austintechguy66,225.0,224.0,Late,Late,6.5,0.0
3022847852,Palm Pilot M515 PDA,5 day auction,217.5,231.5,rdedmond,maya_072101,217.5,215.0,Late,Late,14.0,0.0
3022878518,Palm Pilot M515 PDA,7 day auction,232.5,231.5,wkawk,cstawski,232.5,230.0,Late,Late,0.0,0.0
3022969296,Palm Pilot M515 PDA,7 day auction,227.5,231.5,talismansround,texan44,227.5,225.0,Late,Late,4.0,0.0
3023004423,Palm Pilot M515 PDA,5 day auction,227.5,231.5,dopplebock43,quesadice,227.5,225.0,Late,Late,4.0,0.0
3023120360,Palm Pilot M515 PDA,7 day auction,227.5,231.5,oli511,atcidro,227.5,225.0,Late,Late,4.0,0.0
3023163333,Palm Pilot M515 PDA,7 day auction,247.5,231.5,dmelnick,mianfei,247.5,245.0,Late,Late,0.0,0.0
3023174478,Palm Pilot M515 PDA,5 day auction,255.0,231.5,darcy1928,gi-n-jose,255.0,250.0,Late,Late,0.0,0.0
3023175174,Palm Pilot M515 PDA,5 day auction,218.15,231.5,adam7523,wwchang,218.15,215.65,Late,Late,13.349999999999994,0.0
3023187210,Palm Pilot M515 PDA,3 day auction,235.02,231.5,rustywrench072,jbing25,235.02,232.52,Late,Late,0.0,0.0
3023249693,Palm Pilot M515 PDA,3 day auction,250.01,231.5,toaste1,cheldag,250.01,247.51,Late,Late,0.0,0.0
3023251181,Palm Pilot M515 PDA,5 day auction,207.5,231.5,mtshughes,sebassorondo,207.5,205.0,Late,Early,24.0,0.0
3023263834,Palm Pilot M515 PDA,7 day auction,265.0,231.5,grinderpman,gi-n-jose,265.0,260.0,Late,Late,0.0,0.0
3023275213,Palm Pilot M515 PDA,3 day auction,227.5,231.5,tej1125,daveum,227.5,225.0,Late,Early,4.0,0.0
3023355964,Palm Pilot M515 PDA,3 day auction,222.5,231.5,rdedmond,cathaileycat,222.5,220.0,Late,Late,9.0,0.0
3023387988,Palm Pilot M515 PDA,7 day auction,227.5,231.5,ginapaonessa,kenrayborn,227.5,225.0,Early,Late,4.0,0.0
3023389524,Palm Pilot M515 PDA,5 day auction,212.5,231.5,randywood658,minnewthecat,212.5,210.0,Early,Early,19.0,0.0
3023456362,Palm Pilot M515 PDA,3 day auction,214.5,231.5,gibbyinaz,sooner-bobbo,214.5,212.0,Late,Late,17.0,0.0
3023474060,Palm Pilot M515 PDA,7 day auction,242.5,231.5,gregstewart1952,josetteamy,242.5,240.0,Late,Late,0.0,0.0
3023568805,Palm Pilot M515 PDA,3 day auction,211.0,231.5,sleep0_2,doubl00,211.0,210.0,Late,Late,20.5,0.0
3023574629,Palm Pilot M515 PDA,3 day auction,208.88,231.5,deborahpan,adamsees,208.88,206.38,Late,Late,22.620000000000005,0.0
3023583801,Palm Pilot M515 PDA,3 day auction,203.5,231.5,wwchang,kudzu96,203.5,201.0,Late,Late,28.0,0.0
3023639205,Palm Pilot M515 PDA,7 day auction,222.5,231.5,mainman1darts,deniselovely,222.5,220.0,Late,Late,9.0,0.0
3023639316,Palm Pilot M515 PDA,7 day auction,212.5,231.5,bigolmatt,bozleyone,212.5,210.0,Late,Late,19.0,0.0
3023647851,Palm Pilot M515 PDA,7 day auction,255.5,231.5,jenniferdugan,webersole,255.5,251.0,Late,Late,0.0,0.0
3023653116,Palm Pilot M515 PDA,5 day auction,182.5,231.5,g0168,appliancemedic,182.5,180.0,Late,Late,49.0,0.0
3023653148,Palm Pilot M515 PDA,5 day auction,202.5,231.5,bowenken,luislazo,202.5,200.0,Late,Late,29.0,0.0
3023653216,Palm Pilot M515 PDA,7 day auction,201.01,231.5,steph47425@hotmail.com,schneids2,201.01,201.0,Late,Late,30.49000000000001,0.0
3023653463,Palm Pilot M515 PDA,7 day auction,204.03,231.5,hasselblad2250,donedeal,204.03,201.53,Late,Late,27.47,0.0
3023680963,Palm Pilot M515 PDA,7 day auction,232.5,231.5,jmhboots,sunny789456,232.5,230.0,Late,Late,0.0,0.0
3023700043,Palm Pilot M515 PDA,7 day auction,228.01,231.5,sbtery6,taalbers,228.01,225.51,Late,Late,3.490000000000009,0.0
3023746524,Palm Pilot M515 PDA,7 day auction,177.0,231.5,angelsophia22,jflegal,177.0,175.0,Late,Late,54.5,0.0
3023748273,Palm Pilot M515 PDA,7 day auction,190.0,231.5,chizass,cellthiz,190.0,190.0,Late,Late,41.5,0.0
3023754303,Palm Pilot M515 PDA,3 day auction,242.5,231.5,hillfurn,buckx2,242.5,240.0,Late,Late,0.0,0.0
3023864656,Palm Pilot M515 PDA,7 day auction,202.5,231.5,mike-jordan,snowy656,202.5,200.0,Late,Early,29.0,0.0
3023876273,Palm Pilot M515 PDA,7 day auction,242.5,231.5,chet_o,andreahmb,242.5,240.0,Late,Late,0.0,0.0
3023885393,Palm Pilot M515 PDA,3 day auction,222.5,231.5,thomrv08,branson99,222.5,220.0,Late,Late,9.0,0.0
3023885982,Palm Pilot M515 PDA,7 day auction,239.01,231.5,lthornton,akphotog,239.01,237.99,Late,Late,0.0,0.0
3023898379,Palm Pilot M515 PDA,7 day auction,240.0,231.5,rtb7777,gairec,240.0,210.0,Late,Late,0.0,0.0
3023962700,Palm Pilot M515 PDA,7 day auction,236.99,231.5,apsie068,andysher,236.99,234.49,Late,Late,0.0,0.0
3024052380,Palm Pilot M515 PDA,7 day auction,207.5,231.5,skirr31,debofr,207.5,205.0,Late,Late,24.0,0.0
3024061761,Palm Pilot M515 PDA,3 day auction,212.5,231.5,sleep0_2,soardiva,212.5,210.0,Late,Late,19.0,0.0
3024062340,Palm Pilot M515 PDA,3 day auction,202.5,231.5,sleep0_2,pbwolf2003,202.5,200.0,Late,Late,29.0,0.0
3024095861,Palm Pilot M515 PDA,7 day auction,237.5,231.5,wreckdivercr,babatso,237.5,235.0,Late,Late,0.0,0.0
3024119831,Palm Pilot M515 PDA,7 day auction,237.65,231.5,holly--golightly,skirr31,237.65,235.15,Late,Late,0.0,0.0
3024124623,Palm Pilot M515 PDA,7 day auction,280.0,231.5,lurwin,warrencheryl,280.0,275.0,Late,Late,0.0,0.0
3024165142,Palm Pilot M515 PDA,7 day auction,205.0,231.5,mike-jordan,5nova7,205.0,205.0,Late,Late,26.5,0.0
3024179301,Palm Pilot M515 PDA,7 day auction,217.75,231.5,orangebulldog2t,56bldgs,217.75,215.25,Late,Late,13.75,0.0
3024264085,Palm Pilot M515 PDA,7 day auction,242.5,231.5,hadjiaeh,sunny789456,242.5,240.0,Late,Late,0.0,0.0
3024267974,Palm Pilot M515 PDA,3 day auction,217.5,231.5,josetteamy,jss42@cornell.edu,217.5,215.0,Late,Late,14.0,0.0
3024274951,Palm Pilot M515 PDA,7 day auction,187.52,231.5,stuart1701,warrencheryl,187.52,185.02,Late,Late,43.97999999999999,0.0
3024287595,Palm Pilot M515 PDA,7 day auction,225.0,231.5,yopto,dmayad,225.0,210.0,Late,Late,6.5,0.0
3024290827,Palm Pilot M515 PDA,7 day auction,240.0,231.5,gi-n-jose,play2win008,240.0,238.0,Late,Late,0.0,0.0
3024307014,Palm Pilot M515 PDA,3 day auction,202.5,231.5,sleep0_2,pcbhombre,202.5,200.0,Late,Late,29.0,0.0
3024307294,Palm Pilot M515 PDA,3 day auction,202.5,231.5,mdtwerski,pbwolf2003,202.5,200.0,Late,Early,29.0,0.0
3024361363,Palm Pilot M515 PDA,7 day auction,232.5,231.5,unlikerest,santiago0430,232.5,230.0,Late,Late,0.0,0.0
3024406300,Palm Pilot M515 PDA,7 day auction,200.0,231.5,schulzhdp,pizsat,200.0,200.0,Late,Late,31.5,0.0
3024416642,Palm Pilot M515 PDA,7 day auction,202.5,231.5,nikitagn,schulzhdp,202.5,200.0,Late,Late,29.0,0.0
3024428241,Palm Pilot M515 PDA,3 day auction,197.62,231.5,schneids2,postrio,197.62,195.12,Late,Late,33.879999999999995,0.0
3024428283,Palm Pilot M515 PDA,3 day auction,202.5,231.5,yvettecbruce,unlikerest,202.5,200.0,Late,Late,29.0,0.0
3024471745,Palm Pilot M515 PDA,3 day auction,202.49,231.5,postrio,sleep0_2,202.49,199.99,Late,Early,29.00999999999999,0.0
3024487267,Palm Pilot M515 PDA,7 day auction,226.01,231.5,jonarocket,mac1us,226.01,223.51,Late,Late,5.490000000000009,0.0
3024527409,Palm Pilot M515 PDA,7 day auction,230.0,231.5,qezef,mytscrumptious,230.0,227.5,Late,Late,1.5,0.0
3024568877,Palm Pilot M515 PDA,7 day auction,247.5,231.5,patty*cakes,tim6151,247.5,245.0,Late,Late,0.0,0.0
3024579326,Palm Pilot M515 PDA,7 day auction,237.5,231.5,alicialmws,sarahbgrace,237.5,235.0,Late,Late,0.0,0.0
3024579522,Palm Pilot M515 PDA,7 day auction,209.02,231.5,txson,villap,209.02,207.5,Late,Late,22.47999999999999,0.0
3024582522,Palm Pilot M515 PDA,7 day auction,255.0,231.5,sarahbgrace,ray8667,255.0,250.0,Late,Late,0.0,0.0
3024659380,Palm Pilot M515 PDA,7 day auction,262.61,231.5,jvsorensen,jbd1006,262.61,260.0,Late,Late,0.0,0.0
3024662462,Palm Pilot M515 PDA,3 day auction,207.49,231.5,rozzie81,sdsfi13,207.49,204.99,Late,Early,24.00999999999999,0.0
3024676416,Palm Pilot M515 PDA,7 day auction,237.5,231.5,postbugoldi,1982msu,237.5,235.0,Late,Late,0.0,0.0
3024680777,Palm Pilot M515 PDA,3 day auction,215.0,231.5,tomheel,csekhar001,215.0,200.0,Late,Early,16.5,0.0
3024707992,Palm Pilot M515 PDA,7 day auction,242.5,231.5,dmayad,tim6151,242.5,240.0,Late,Late,0.0,0.0
3024799631,Palm Pilot M515 PDA,7 day auction,255.0,231.5,kagsag5,snugrl,255.0,250.0,Late,Late,0.0,0.0
3024823511,Palm Pilot M515 PDA,7 day auction,237.5,231.5,corinthiandibl,terryhalfmoonbay,237.5,235.0,Late,Late,0.0,0.0
3024854454,Palm Pilot M515 PDA,3 day auction,212.5,231.5,sue0821,hytwong,212.5,210.0,Late,Late,19.0,0.0
3024889230,Palm Pilot M515 PDA,7 day auction,261.0,231.5,ls7100,tim6151,261.0,260.0,Late,Late,0.0,0.0
3024895548,Palm Pilot M515 PDA,3 day auction,242.51,231.5,babatso,wreckdivercr,242.51,240.01,Late,Late,0.0,0.0
3024918848,Palm Pilot M515 PDA,7 day auction,255.0,231.5,progess,jbd1006,255.0,250.0,Late,Late,0.0,0.0
3024953755,Palm Pilot M515 PDA,7 day auction,240.07,231.5,snugrl,t-monty,240.07,237.57,Late,Late,0.0,0.0
3024980031,Palm Pilot M515 PDA,7 day auction,247.5,231.5,dao35dao,hudson32700,247.5,245.0,Late,Late,0.0,0.0
3024980402,Palm Pilot M515 PDA,5 day auction,222.5,231.5,sjweimer,g8ueyb,222.5,220.0,Late,Late,9.0,0.0
3025106904,Palm Pilot M515 PDA,3 day auction,217.5,231.5,chun0511,cashxxxx,217.5,215.0,Late,Late,14.0,0.0
3025133084,Palm Pilot M515 PDA,7 day auction,232.5,231.5,jbd1006,nst2@aol.com,232.5,230.0,Late,Late,0.0,0.0
3025160117,Palm Pilot M515 PDA,3 day auction,200.0,231.5,ncoppero,cashxxxx,200.0,200.0,Late,Early,31.5,0.0
3025212496,Palm Pilot M515 PDA,3 day auction,200.0,231.5,ncoppero,cashxxxx,200.0,199.99,Early,Late,31.5,0.0
3025232103,Palm Pilot M515 PDA,3 day auction,202.49,231.5,sbnmahoney,cashxxxx,202.49,199.99,Late,Late,29.00999999999999,0.0
3025263643,Palm Pilot M515 PDA,3 day auction,190.0,231.5,warrencheryl,puma6784,190.0,187.5,Late,Late,41.5,0.0
3025266581,Palm Pilot M515 PDA,7 day auction,222.5,231.5,eromalac,nst2@aol.com,222.5,220.0,Late,Late,9.0,0.0
3025307344,Palm Pilot M515 PDA,3 day auction,178.0,231.5,ppgrega,kevo11kevo1111,178.0,177.77,Late,Late,53.5,0.0
3025307420,Palm Pilot M515 PDA,3 day auction,182.5,231.5,davidlakeusa,cknig,182.5,180.0,Late,Late,49.0,0.0
3025370463,Palm Pilot M515 PDA,7 day auction,237.5,231.5,murator,coachribs,237.5,235.0,Late,Late,0.0,0.0
3025373736,Palm Pilot M515 PDA,7 day auction,227.5,231.5,grohde56,coachribs,227.5,225.0,Late,Late,4.0,0.0
3025433808,Palm Pilot M515 PDA,3 day auction,197.5,231.5,voodoolou,cashxxxx,197.5,195.0,Late,Early,34.0,0.0
3025453701,Palm Pilot M515 PDA,3 day auction,206.0,231.5,willieg01,cashxxxx,206.0,203.5,Late,Late,25.5,0.0
3025473203,Palm Pilot M515 PDA,7 day auction,210.0,231.5,jrr2020,edmo52,210.0,209.0,Late,Late,21.5,0.0
3025486868,Palm Pilot M515 PDA,7 day auction,230.5,231.5,disneyduo,edmo52,230.5,228.0,Late,Late,1.0,0.0
3025507248,Palm Pilot M515 PDA,3 day auction,195.5,231.5,buzzengineer1,bradwalls,195.5,193.0,Late,Late,36.0,0.0
3025598612,Palm Pilot M515 PDA,3 day auction,209.5,231.5,davidjoeklein@hotmail.com,brettsreality,209.5,207.0,Late,Late,22.0,0.0
3025604983,Palm Pilot M515 PDA,3 day auction,265.0,231.5,bestseller_1996,kagsag5,265.0,260.0,Late,Late,0.0,0.0
3025655397,Palm Pilot M515 PDA,3 day auction,197.5,231.5,jwntb,drnguyen23,197.5,195.0,Late,Late,34.0,0.0
3025656717,Palm Pilot M515 PDA,3 day auction,224.01,231.5,dicetrader,wadl1199,224.01,221.51,Late,Late,7.490000000000009,0.0
3025665574,Palm Pilot M515 PDA,5 day auction,250.0,231.5,twins9597,dreama363,250.0,250.0,Late,Late,0.0,0.0
3025671430,Palm Pilot M515 PDA,3 day auction,245.0,231.5,ladykeys,wfmacii,245.0,245.0,Late,Late,0.0,0.0
3025677685,Palm Pilot M515 PDA,3 day auction,202.5,231.5,justinhieu,lpete57,202.5,200.0,Late,Late,29.0,0.0
3025778593,Palm Pilot M515 PDA,3 day auction,225.01,231.5,criswong2,picklefina,225.01,225.0,Late,Late,6.490000000000009,0.0
3025778985,Palm Pilot M515 PDA,3 day auction,229.51,231.5,mattpbrooks,picklefina,229.51,227.01,Late,Late,1.990000000000009,0.0
3025836567,Palm Pilot M515 PDA,3 day auction,190.5,231.5,kent_hug,roloconsulting,190.5,188.0,Late,Late,41.0,0.0
3025885755,Palm Pilot M515 PDA,3 day auction,203.5,231.5,acrosa,dwill86333,203.5,201.0,Late,Late,28.0,0.0
3026102735,Palm Pilot M515 PDA,3 day auction,197.5,231.5,dwill86333,cashxxxx,197.5,195.0,Late,Late,34.0,0.0
3026299552,Palm Pilot M515 PDA,3 day auction,212.5,231.5,ryangard1977@netscape.net,haha1212,212.5,210.0,Late,Late,19.0,0.0
3026374373,Palm Pilot M515 PDA,3 day auction,192.51,231.5,bouqui2000,kbgraf,192.51,190.01,Late,Late,38.99000000000001,0.0
3406945791,Palm Pilot M515 PDA,7 day auction,232.5,231.5,jaguarhw,robb1069,232.5,230.0,Late,Late,0.0,0.0
3410601613,Palm Pilot M515 PDA,3 day auction,257.0,231.5,davenau,daleydn,257.0,252.0,Late,Late,0.0,0.0
8211480551,Xbox game console,7 day auction,311.6,123.15,wrufai1,pkfury,311.6,306.6,Late,Late,0.0,0.0
8211763485,Xbox game console,7 day auction,139.3,123.15,waxhawsam,lonewolf08068,139.3,136.8,Late,Late,0.0,0.0
8211851222,Xbox game console,7 day auction,161.0,123.15,ojigun,jardo02,161.0,160.0,Late,Late,0.0,0.0
8212110388,Xbox game console,7 day auction,61.0,123.15,sherin208,alarpi,61.0,60.0,Late,Late,62.150000000000006,0.0
8212116757,Xbox game console,7 day auction,167.5,123.15,p_man117,jya2003,167.5,165.0,Late,Late,0.0,0.0
8212122220,Xbox game console,7 day auction,100.0,123.15,wireguy72,gladimacowgirl,100.0,100.0,Late,Late,23.150000000000006,0.0
8212135847,Xbox game console,7 day auction,126.0,123.15,joshuatalbott24,p_man117,126.0,125.0,Late,Late,0.0,0.0
8212140993,Xbox game console,7 day auction,306.0,123.15,justchilling35,loraron513,306.0,301.0,Late,Late,0.0,0.0
8212143601,Xbox game console,7 day auction,167.5,123.15,drew32fb,unique82me,167.5,165.0,Late,Late,0.0,0.0
8212145833,Xbox game console,7 day auction,132.5,123.15,mhartman0515,unique82me,132.5,130.0,Late,Late,0.0,0.0
8212157034,Xbox game console,7 day auction,152.5,123.15,djnoeproductions,westga33,152.5,150.0,Late,Late,0.0,0.0
8212165593,Xbox game console,7 day auction,142.5,123.15,davidbresler2,oldskool988,142.5,140.0,Late,Late,0.0,0.0
8212170033,Xbox game console,7 day auction,125.0,123.15,ashcj,lonewolf08068,125.0,122.5,Late,Late,0.0,0.0
8212182237,Xbox game console,7 day auction,112.5,123.15,aceman7358,chinaualnarran,112.5,110.0,Early,Late,10.650000000000006,0.0
8212183207,Xbox game console,7 day auction,100.5,123.15,aoprescott,alsald,100.5,100.01,Late,Late,22.650000000000006,0.0
8212198987,Xbox game console,7 day auction,157.5,123.15,flamevt,mesamirage,157.5,155.0,Late,Late,0.0,0.0
8212236671,Xbox game console,7 day auction,96.0,123.15,lawitemsandetc,bigmanz2004,96.0,95.0,Late,Late,27.150000000000006,0.0
8212237522,Xbox game console,7 day auction,102.5,123.15,4687daisy,truespace713,102.5,100.0,Late,Early,20.650000000000006,0.0
8212248443,Xbox game console,7 day auction,82.02,123.15,jj_idaho,bluebob_6,82.02,81.02,Late,Late,41.13000000000001,0.0
8212264580,Xbox game console,7 day auction,127.51,123.15,alsald,damch47d,127.51,125.01,Late,Late,0.0,0.0
8212268905,Xbox game console,7 day auction,130.0,123.15,scotches_2,meganliz89,130.0,127.5,Late,Late,0.0,0.0
8212272351,Xbox game console,7 day auction,125.0,123.15,vt_james,dbecerraii,125.0,125.0,Late,Late,0.0,0.0
8212277835,Xbox game console,7 day auction,152.5,123.15,rockyg418,jjscoug,152.5,150.0,Late,Late,0.0,0.0
8212339045,Xbox game console,7 day auction,177.5,123.15,glasgow3219,dpbspb,177.5,175.0,Late,Late,0.0,0.0
8212359174,Xbox game console,7 day auction,222.5,123.15,zachkohn,dtoler69,222.5,220.0,Late,Late,0.0,0.0
8212381867,Xbox game console,7 day auction,81.0,123.15,spiculichos,cichlidhead,81.0,80.0,Late,Late,42.150000000000006,0.0
8212408545,Xbox game console,7 day auction,202.5,123.15,bunnyfluf,countryfish25,202.5,200.0,Late,Late,0.0,0.0
8212441657,Xbox game console,7 day auction,81.99,123.15,julianne117,mn_mods,81.99,80.99,Late,Late,41.16000000000001,0.0
8212530768,Xbox game console,7 day auction,90.0,123.15,essarios187,deby0021,90.0,89.0,Late,Late,33.150000000000006,0.0
8212590929,Xbox game console,5 day auction,152.5,123.15,clspeak,stretch415,152.5,150.0,Late,Late,0.0,0.0
8212591610,Xbox game console,7 day auction,114.5,123.15,davice11,42179odie,114.5,112.0,Late,Late,8.650000000000006,0.0
8212602164,Xbox game console,7 day auction,212.5,123.15,jonkocinski,jecker24,212.5,210.0,Late,Late,0.0,0.0
8212610170,Xbox game console,7 day auction,133.04,123.15,tchick4270,travelicurn14,133.04,132.5,Late,Late,0.0,0.0
8212610485,Xbox game console,7 day auction,33.0,123.15,galvestontx77568,minipc1,33.0,32.0,Late,Late,90.15,0.0
8212629520,Xbox game console,7 day auction,132.55,123.15,streetbllking31,42179odie,132.55,131.0,Late,Late,0.0,0.0
8212631876,Xbox game console,7 day auction,124.49,123.15,drew3559,tcolgrove,124.49,121.99,Late,Late,0.0,0.0
8212635193,Xbox game console,7 day auction,204.11,123.15,mniffin01,convict16,204.11,201.77,Late,Early,0.0,0.0
8212668731,Xbox game console,7 day auction,167.5,123.15,oaverbukh,pooters_mommy,167.5,165.0,Late,Late,0.0,0.0
8212711136,Xbox game console,7 day auction,47.0,123.15,dianehyun,icdbeliever,47.0,46.0,Late,Late,76.15,0.0
8212752835,Xbox game console,5 day auction,71.0,123.15,darklordofhell98,kimn7729,71.0,70.0,Late,Late,52.150000000000006,0.0
8212755285,Xbox game console,7 day auction,182.5,123.15,cancerman1120,toptilly690,182.5,180.0,Late,Late,0.0,0.0
8212760279,Xbox game console,7 day auction,33.1,123.15,lloyd71257,netntguy,33.1,32.1,Late,Late,90.05000000000001,0.0
8212819110,Xbox game console,7 day auction,123.15,123.15,e-seller100,tomatotyler,123.15,120.65,Late,Late,0.0,0.0
8212830525,Xbox game console,5 day auction,501.77,123.15,jajone13,ruthhagerman,501.77,500.0,Late,Late,0.0,0.0
8212839477,Xbox game console,7 day auction,41.0,123.15,just-a-princess,minipc1,41.0,40.0,Late,Late,82.15,0.0
8212848054,Xbox game console,7 day auction,132.5,123.15,deibutfeif,parkinglotnights,132.5,130.0,Late,Late,0.0,0.0
8212869625,Xbox game console,5 day auction,122.5,123.15,bjm42fish,205_dmsdud,122.5,120.0,Late,Late,0.6500000000000057,0.0
8212870695,Xbox game console,7 day auction,122.5,123.15,ems96q,mark12140,122.5,120.0,Late,Late,0.6500000000000057,0.0
8212878941,Xbox game console,7 day auction,51.0,123.15,ashford164,xavior212001,51.0,50.0,Late,Late,72.15,0.0
8212883411,Xbox game console,7 day auction,117.5,123.15,aolbur,obx2adk,117.5,115.0,Late,Late,5.650000000000006,0.0
8212889138,Xbox game console,5 day auction,147.76,123.15,jardo02,sdharring5q7d,147.76,145.26,Late,Late,0.0,0.0
8212896511,Xbox game console,7 day auction,177.5,123.15,glupeperez,javst0,177.5,175.0,Late,Late,0.0,0.0
8212898463,Xbox game console,7 day auction,102.5,123.15,novacliff,theosexmechanes,102.5,100.0,Late,Late,20.650000000000006,0.0
8212899346,Xbox game console,7 day auction,167.5,123.15,hotshit3406e,jazzjake2005,167.5,165.0,Late,Late,0.0,0.0
8212903200,Xbox game console,7 day auction,127.5,123.15,eye_doc65,thatlankyguy03,127.5,125.0,Late,Late,0.0,0.0
8212903781,Xbox game console,7 day auction,142.5,123.15,mophish2,overmind128,142.5,140.0,Late,Late,0.0,0.0
8212944779,Xbox game console,7 day auction,247.5,123.15,mfbyrd73,mark12140,247.5,245.0,Late,Late,0.0,0.0
8212964295,Xbox game console,7 day auction,86.0,123.15,2005winstonc,svincent7,86.0,85.0,Late,Late,37.150000000000006,0.0
8212966887,Xbox game console,7 day auction,102.5,123.15,justwantinaname,giftsamerica,102.5,100.0,Late,Late,20.650000000000006,0.0
8212969221,Xbox game console,7 day auction,49.0,123.15,gerry5921,mn_mods,49.0,48.0,Late,Late,74.15,0.0
8212989463,Xbox game console,7 day auction,127.5,123.15,gte393y,imluke54,127.5,125.0,Early,Late,0.0,0.0
8213013625,Xbox game console,7 day auction,132.52,123.15,mlm1013,cbjamom,132.52,130.02,Late,Late,0.0,0.0
8213034705,Xbox game console,3 day auction,117.5,123.15,daysrus,davidbresler2,117.5,115.0,Late,Late,5.650000000000006,0.0
8213037774,Xbox game console,7 day auction,127.5,123.15,kojakpete,jorgem_16,127.5,125.0,Late,Late,0.0,0.0
8213047071,Xbox game console,7 day auction,116.5,123.15,blakebrockpizza,hankh3557,116.5,114.0,Late,Late,6.650000000000006,0.0
8213049640,Xbox game console,7 day auction,105.0,123.15,mgarrett468,ndgirl74,105.0,102.5,Late,Late,18.150000000000006,0.0
8213058220,Xbox game console,5 day auction,112.5,123.15,danandjax,sdog153,112.5,110.0,Late,Late,10.650000000000006,0.0
8213060420,Xbox game console,3 day auction,120.0,123.15,djnoeproductions,skcardina,120.0,117.5,Late,Late,3.1500000000000057,0.0
8213063145,Xbox game console,5 day auction,106.0,123.15,atdifan,42179odie,106.0,103.5,Late,Late,17.150000000000006,0.0
8213066557,Xbox game console,7 day auction,142.73,123.15,truddell,agrlock,142.73,140.23,Late,Late,0.0,0.0
8213067838,Xbox game console,3 day auction,132.5,123.15,*champaignbubbles*,unique82me,132.5,130.0,Late,Late,0.0,0.0
8213073509,Xbox game console,3 day auction,114.5,123.15,rr6kids,jdubs004,114.5,112.0,Late,Late,8.650000000000006,0.0
8213081560,Xbox game console,7 day auction,405.0,123.15,millrat64,musicloki,405.0,400.0,Late,Late,0.0,0.0
8213082427,Xbox game console,7 day auction,100.0,123.15,mootzin,shaganastic,100.0,100.0,Late,Late,23.150000000000006,0.0
8213085879,Xbox game console,7 day auction,96.0,123.15,toneronetonertwo,bryanc68,96.0,95.0,Late,Late,27.150000000000006,0.0
8213118813,Xbox game console,7 day auction,122.5,123.15,powersp68145,darkaglmax84,122.5,120.0,Late,Late,0.6500000000000057,0.0
8213119950,Xbox game console,3 day auction,100.0,123.15,danasdeals4you,affreu,100.0,100.0,Late,Late,23.150000000000006,0.0
8213122141,Xbox game console,5 day auction,145.0,123.15,**balancedbody4u**,hoedag91,145.0,142.5,Late,Late,0.0,0.0
8213123943,Xbox game console,5 day auction,122.5,123.15,hoedag91,huntsman6711,122.5,120.0,Late,Late,0.6500000000000057,0.0
8213137264,Xbox game console,7 day auction,144.0,123.15,matttamu,beeker1975,144.0,141.5,Late,Late,0.0,0.0
8213162076,Xbox game console,3 day auction,90.0,123.15,damch47d,imaginationqueen,90.0,89.0,Late,Late,33.150000000000006,0.0
8213183841,Xbox game console,3 day auction,96.99,123.15,pmp521,sirector,96.99,95.99,Late,Late,26.16000000000001,0.0
8213188385,Xbox game console,5 day auction,106.5,123.15,jjcck,pjamkeat,106.5,104.0,Late,Late,16.650000000000006,0.0
8213266411,Xbox game console,3 day auction,127.5,123.15,jbeaudoin_qc,rayray2185,127.5,125.0,Late,Late,0.0,0.0
8213266439,Xbox game console,3 day auction,130.0,123.15,mikezor18,sodulguy,130.0,127.5,Late,Late,0.0,0.0
8213267098,Xbox game console,5 day auction,151.0,123.15,tybota,maggie50blue,151.0,150.0,Late,Late,0.0,0.0
8213297233,Xbox game console,3 day auction,141.0,123.15,gnomefury,katherinef7382,141.0,138.5,Late,Late,0.0,0.0
8213305402,Xbox game console,3 day auction,137.5,123.15,cowboysok,42179odie,137.5,135.0,Late,Late,0.0,0.0
8213318286,Xbox game console,3 day auction,132.55,123.15,gameartforyou,wells77,132.55,130.05,Late,Late,0.0,0.0
8213369721,Xbox game console,5 day auction,85.0,123.15,matt4baystuff,nellbear33,85.0,84.99,Late,Late,38.150000000000006,0.0
8213387444,Xbox game console,3 day auction,152.0,123.15,uconnbabydoll1975,rhcs2002,152.0,150.0,Late,Late,0.0,0.0
8213387659,Xbox game console,3 day auction,96.0,123.15,siennawalking,pbuyyala,96.0,95.0,Late,Late,27.150000000000006,0.0
8213403462,Xbox game console,3 day auction,102.5,123.15,kcallah02,sdog153,102.5,100.0,Late,Late,20.650000000000006,0.0
8213472092,Xbox game console,3 day auction,63.0,123.15,palmlumber72,marnet2go,63.0,62.0,Late,Late,60.150000000000006,0.0
8213495915,Xbox game console,5 day auction,112.5,123.15,lyon6909,mmar1080,112.5,110.0,Late,Late,10.650000000000006,0.0
8213504270,Xbox game console,7 day auction,120.0,123.15,houston1295,antifolksky,120.0,118.0,Late,Late,3.1500000000000057,0.0
8213511406,Xbox game console,7 day auction,89.0,123.15,antifolksky,mpierceman,89.0,88.0,Late,Late,34.150000000000006,0.0
8213515739,Xbox game console,7 day auction,202.0,123.15,lord_kinbote,gohitec,202.0,200.0,Late,Late,0.0,0.0
8213702304,Xbox game console,3 day auction,117.5,123.15,silver7777a,robyn1399,117.5,115.0,Late,Late,5.650000000000006,0.0
8213733010,Xbox game console,3 day auction,82.0,123.15,blondy22131,eye_doc65,82.0,81.0,Late,Late,41.150000000000006,0.0
8213759776,Xbox game console,3 day auction,112.5,123.15,cooljen007,analdripageboy,112.5,110.0,Late,Late,10.650000000000006,0.0
8213922989,Xbox game console,3 day auction,93.0,123.15,nicolo136,jonchavez1,92.0,80.0,Late,Early,30.150000000000006,0.0
8213932495,Xbox game console,3 day auction,127.5,123.15,agrlock,sdesanchez,127.5,125.0,Late,Late,0.0,0.0
8213935134,Xbox game console,3 day auction,207.5,123.15,toby2492,c1hantal,207.5,205.0,Late,Late,0.0,0.0
8213956836,Xbox game console,3 day auction,128.5,123.15,manions1003,darth_guaca,128.5,126.0,Late,Late,0.0,0.0
8214275008,Xbox game console,7 day auction,385.0,123.15,gohitec,n_hernandez_lopez,385.0,380.0,Late,Late,0.0,0.0
8214277489,Xbox game console,7 day auction,177.5,123.15,newhabor,ejt59,177.5,175.0,Late,Late,0.0,0.0
8214279576,Xbox game console,7 day auction,96.0,123.15,saulfields,zapped257,96.0,95.0,Late,Late,27.150000000000006,0.0
8214294890,Xbox game console,7 day auction,204.5,123.15,jwalden6857,hotballs8,204.5,202.0,Late,Late,0.0,0.0
8214330322,Xbox game console,7 day auction,117.5,123.15,ikhan3,mcalderon23,117.5,115.0,Late,Late,5.650000000000006,0.0
8214355679,Xbox game console,7 day auction,265.0,123.15,elmerfudd1972,cowgirllucky,265.0,260.0,Late,Late,0.0,0.0
8214364171,Xbox game console,3 day auction,86.0,123.15,susanagovernors05,mattdc1248,86.0,85.0,Late,Late,37.150000000000006,0.0
8214378351,Xbox game console,3 day auction,127.5,123.15,alyreza7786,jahsoldier14,127.5,125.0,Late,Late,0.0,0.0
8214418083,Xbox game console,3 day auction,140.5,123.15,jkfarms1,drigs69,140.5,138.0,Late,Late,0.0,0.0
8214430396,Xbox game console,3 day auction,199.0,123.15,volpendesta,kermitthefrock,199.0,183.0,Late,Late,0.0,0.0
8214435010,Xbox game console,3 day auction,122.5,123.15,kiflayghiorghis,edealer2k,122.5,120.0,Late,Late,0.6500000000000057,0.0
8214435808,Xbox game console,3 day auction,122.5,123.15,darkaglmax84,elai2005,122.5,120.0,Late,Late,0.6500000000000057,0.0
8214733985,Xbox game console,7 day auction,112.5,123.15,teamolsen,shaneomac1101,112.5,110.0,Late,Late,10.650000000000006,0.0
8214735736,Xbox game console,7 day auction,115.5,123.15,fred20,projectmanagerml,115.5,113.0,Late,Late,7.650000000000006,0.0
8214745918,Xbox game console,7 day auction,183.56,123.15,bdietz91,bbberni8,183.56,181.06,Late,Late,0.0,0.0
8214749544,Xbox game console,7 day auction,119.5,123.15,bigoffey,has8284,119.5,117.0,Late,Late,3.6500000000000057,0.0
8214767887,Xbox game console,7 day auction,105.01,123.15,russbetty,bristowram,105.01,105.0,Late,Late,18.14,0.0
8214772603,Xbox game console,7 day auction,142.5,123.15,oklahoma4x4,nalinprabhu,142.5,140.0,Late,Late,0.0,0.0
8214772755,Xbox game console,7 day auction,104.09,123.15,mborne999,picard69alpha,104.09,101.59,Late,Late,19.060000000000002,0.0
8214784050,Xbox game console,7 day auction,31.0,123.15,savant51,grimm_spector,31.0,30.0,Late,Late,92.15,0.0
8214786481,Xbox game console,7 day auction,120.0,123.15,2sockslover,maxsmom411,120.0,118.0,Late,Late,3.1500000000000057,0.0
8214801298,Xbox game console,7 day auction,127.5,123.15,chrisreed52,bijouham3,127.5,125.0,Late,Late,0.0,0.0
8214801302,Xbox game console,7 day auction,40.0,123.15,enclosed_v,alonecd,40.0,39.0,Late,Late,83.15,0.0
8214803514,Xbox game console,7 day auction,127.5,123.15,deft0nes2oo4,sno_oman,127.5,125.0,Late,Late,0.0,0.0
8214823984,Xbox game console,7 day auction,150.0,123.15,rory777_2007,djkjacali,150.0,150.0,Late,Late,0.0,0.0
8214862356,Xbox game console,7 day auction,122.5,123.15,kiflayghiorghis,blai222003,122.5,120.0,Late,Late,0.6500000000000057,0.0
8214864036,Xbox game console,7 day auction,122.5,123.15,nicholsr81,blai222003,122.5,120.0,Late,Late,0.6500000000000057,0.0
8214864154,Xbox game console,7 day auction,89.88,123.15,fayehope1234,bcash5647,89.88,88.88,Late,Late,33.27000000000001,0.0
8214889177,Xbox game console,7 day auction,90.01,123.15,gpgtpse,baylorjeep,90.01,90.0,Late,Late,33.14,0.0
8214917158,Xbox game console,5 day auction,107.5,123.15,brit_coll,summerfox2004,107.5,105.0,Late,Late,15.650000000000006,0.0
8214999031,Xbox game console,5 day auction,152.5,123.15,vaughn48134,lvnvcars,152.5,150.0,Late,Late,0.0,0.0
8215000309,Xbox game console,5 day auction,127.5,123.15,psi12345,kiflayghiorghis,127.5,125.0,Late,Late,0.0,0.0
8215001975,Xbox game console,5 day auction,127.5,123.15,nguyenkc213,bloodfangv2,127.5,125.0,Late,Late,0.0,0.0
8215125069,Xbox game console,5 day auction,85.07,123.15,gorski630,db3872,85.07,84.07,Late,Late,38.08000000000001,0.0
8215129004,Xbox game console,5 day auction,122.5,123.15,bigjas4u,zaczac32,122.5,120.0,Late,Late,0.6500000000000057,0.0
8215145547,Xbox game console,5 day auction,128.5,123.15,splintercelldgd,alonecd,128.5,126.0,Late,Late,0.0,0.0
8215188105,Xbox game console,5 day auction,132.5,123.15,snowyowlsteve,fortuneboxinc,132.5,130.0,Early,Late,0.0,0.0
8215408023,Xbox game console,3 day auction,91.01,123.15,sailer4eva,kevinb2999,91.01,90.01,Late,Late,32.14,0.0
8215558653,Xbox game console,3 day auction,135.29,123.15,wattscrew1,bethj1958,135.29,135.0,Late,Late,0.0,0.0
8215571039,Xbox game console,3 day auction,150.0,123.15,analogkidd99,lambonius1,150.0,150.0,Late,Late,0.0,0.0
8215582227,Xbox game console,3 day auction,152.5,123.15,ultimatum_man,tanktabooda,152.5,150.0,Late,Late,0.0,0.0
8215605488,Xbox game console,3 day auction,61.0,123.15,pgauctions,cindyh33,61.0,60.0,Late,Early,62.150000000000006,0.0
8215610555,Xbox game console,3 day auction,35.09,123.15,bebawl,wringo357,35.09,35.0,Late,Late,88.06,0.0
