player_strategy,opponent_strategy,payoff
Late,Late,0.0
Late,Late,0.0
Early,Early,10.0
Early,Early,0.0
Late,Late,0.0
Late,Late,0.0
Late,Late,190.0
Late,Late,0.0
Late,Early,332.5
Early,Late,0.0
Late,Late,282.5
Late,Late,0.0
Late,Late,0.0
Late,Late,0.0
Late,Early,255.0
Early,Late,0.0
Early,Early,135.01
Early,Early,0.0
Early,Early,325.0
Early,Early,0.0
Late,Late,8.379999999999995
Late,Late,0.0
Late,Late,253.49
Late,Late,0.0
Late,Late,0.0
Late,Late,0.0
Early,Early,285.5
Early,Early,0.0
Late,Late,155.0
Late,Late,0.0
Late,Late,0.0
Late,Late,0.0
Late,Late,0.0
Late,Late,0.0
Late,Late,0.0
Late,Late,0.0
Late,Late,406.5
Late,Late,0.0
Late,Late,55.0
Late,Late,0.0
Late,Late,468.55
Late,Late,0.0
Late,Late,0.0
Late,Late,0.0
Late,Late,210.0
Late,Late,0.0
Late,Late,307.5
Late,Late,0.0
Late,Late,0.0
Late,Late,0.0
Early,Late,0.0
Late,Early,0.0
Late,Late,0.0
Late,Late,0.0
Late,Late,193.0
Late,Late,0.0
Early,Late,0.0
Late,Early,0.0
Late,Late,0.0
Late,Late,0.0
Late,Late,309.99
Late,Late,0.0
Late,Late,0.0
Late,Late,0.0
Early,Early,60.0
Early,Early,0.0
Early,Late,140.0
Late,Early,0.0
Late,Late,160.01
Late,Late,0.0
Late,Early,0.0
Early,Late,0.0
Late,Late,0.0
Late,Late,0.0
Late,Late,355.0
Late,Late,0.0
Late,Late,0.0
Late,Late,0.0
Late,Late,54.0
Late,Late,0.0
Late,Late,108.0
Late,Late,0.0
Late,Late,75.0
Late,Late,0.0
Early,Late,0.0
Late,Early,0.0
Late,Late,0.0
Late,Late,0.0
Early,Early,155.0
Early,Early,0.0
Late,Late,0.0
Late,Late,0.0
Late,Early,0.0
Early,Late,0.0
Late,Late,205.0
Late,Late,0.0
Late,Early,360.0
Early,Late,0.0
Late,Early,0.0
Early,Late,0.0
Late,Late,0.0
Late,Late,0.0
Late,Early,0.0
Early,Late,0.0
Late,Late,0.0
Late,Late,0.0
Late,Late,0.0
Late,Late,0.0
Late,Late,80.0
Late,Late,0.0
Late,Late,0.0
Late,Late,0.0
Late,Early,110.0
Early,Late,0.0
Late,Late,233.95
Late,Late,0.0
Late,Early,0.0
Early,Late,0.0
Late,Early,0.0
Early,Late,0.0
Late,Late,0.0
Late,Late,0.0
Late,Late,105.0
Late,Late,0.0
Late,Late,184.0
Late,Late,0.0
Late,Late,469.13
Late,Late,0.0
Late,Early,484.0
Early,Late,0.0
Late,Late,0.0
Late,Late,0.0
Late,Late,0.0
Late,Late,0.0
Early,Early,0.0
Early,Early,0.0
Late,Early,136.0
Early,Late,0.0
Late,Late,0.0
Late,Late,0.0
Late,Early,0.0
Early,Late,0.0
Early,Late,210.0
Late,Early,0.0
Early,Early,0.0
Early,Early,0.0
Late,Late,80.0
Late,Late,0.0
Late,Late,85.0
Late,Late,0.0
Late,Late,0.0
Late,Late,0.0
Early,Late,0.0
Late,Early,0.0
Late,Late,12.0
Late,Late,0.0
Late,Late,0.0
Late,Late,0.0
Late,Late,205.0
Late,Late,0.0
Late,Late,55.0
Late,Late,0.0
Late,Early,0.0
Early,Late,0.0
Late,Late,182.76999999999998
Late,Late,0.0
Late,Early,124.0
Early,Late,0.0
Late,Late,10.0
Late,Late,0.0
Late,Early,0.0
Early,Late,0.0
Late,Early,0.0
Early,Late,0.0
Late,Late,230.0
Late,Late,0.0
Late,Late,396.5
Late,Late,0.0
Early,Late,72.0
Late,Early,0.0
Late,Late,155.0
Late,Late,0.0
Late,Late,0.0
Late,Late,0.0
Late,Late,307.5
Late,Late,0.0
Late,Late,0.0
Late,Late,0.0
Late,Late,0.0
Late,Late,0.0
Late,Late,0.0
Late,Late,0.0
Late,Early,57.129999999999995
Early,Late,0.0
Late,Late,0.0
Late,Late,0.0
Late,Early,0.0
Early,Late,0.0
Late,Late,120.0
Late,Late,0.0
Late,Late,0.0
Late,Late,0.0
Late,Late,0.0
Late,Late,0.0
Late,Late,0.0
Late,Late,0.0
Late,Late,175.0
Late,Late,0.0
Late,Early,203.12
Early,Late,0.0
Late,Late,330.5
Late,Late,0.0
Early,Late,333.5
Late,Early,0.0
Late,Late,0.0
Late,Late,0.0
Late,Late,103.0
Late,Late,0.0
Late,Early,105.0
Early,Late,0.0
Late,Late,0.0
Late,Late,0.0
Late,Late,307.5
Late,Late,0.0
Early,Early,105.0
Early,Early,0.0
Late,Late,0.0
Late,Late,0.0
Late,Late,0.0
Late,Late,0.0
Late,Late,205.01999999999998
Late,Late,0.0
Late,Late,160.01
Late,Late,0.0
Late,Early,0.0
Early,Late,0.0
Late,Late,0.0
Late,Late,0.0
Late,Early,0.0
Early,Late,0.0
Late,Late,0.0
Late,Late,0.0
Late,Late,0.0
Late,Late,0.0
Early,Early,0.0
Early,Early,0.0
Late,Late,0.0
Late,Late,0.0
Late,Late,0.0
Late,Late,0.0
Early,Early,0.0
Early,Early,0.0
Late,Early,307.5
Early,Late,0.0
Late,Late,0.0
Late,Late,0.0
Late,Late,0.0
Late,Late,0.0
Late,Late,0.0
Late,Late,0.0
Late,Late,385.75
Late,Late,0.0
Late,Early,0.0
Early,Late,0.0
Late,Early,0.0
Early,Late,0.0
Late,Late,355.62
Late,Late,0.0
Early,Early,130.0
Early,Early,0.0
Early,Early,105.0
Early,Early,0.0
Late,Late,0.0
Late,Late,0.0
Late,Late,0.0
Late,Late,0.0
Late,Late,0.0
Late,Late,0.0
Late,Late,0.0
Late,Late,0.0
Early,Late,0.0
Late,Early,0.0
Late,Late,0.0
Late,Late,0.0
Late,Late,0.0
Late,Late,0.0
Late,Late,0.0
Late,Late,0.0
Late,Late,0.0
Late,Late,0.0
Late,Late,0.0
Late,Late,0.0
Late,Late,0.0
Late,Late,0.0
Late,Late,0.0
Late,Late,0.0
Late,Late,0.0
Late,Late,0.0
Late,Late,0.0
Late,Late,0.0
Late,Late,0.0
Late,Late,0.0
Late,Late,0.0
Late,Late,0.0
Late,Late,0.0
Late,Late,0.0
Late,Late,0.0
Late,Late,0.0
Late,Late,0.0
Late,Late,0.0
Late,Late,0.0
Late,Late,0.0
Late,Late,0.0
Late,Late,0.0
Late,Late,0.0
Late,Late,0.0
Late,Late,0.0
Late,Late,0.0
Late,Late,9.0
Late,Late,0.0
Late,Late,18.0
Late,Late,0.0
Late,Late,14.0
Late,Late,0.0
Late,Late,24.0
Late,Late,0.0
Late,Late,23.49000000000001
Late,Late,0.0
Late,Late,18.0
Late,Late,0.0
Late,Late,21.5
Late,Late,0.0
Late,Early,0.0
Early,Late,0.0
Late,Late,0.0
Late,Late,0.0
Late,Late,0.0
Late,Late,0.0
Late,Late,23.900000000000006
Late,Late,0.0
Late,Late,21.49000000000001
Late,Late,0.0
Late,Early,19.0
Early,Late,0.0
Late,Early,29.0
Early,Late,0.0
Late,Late,0.0
Late,Late,0.0
Late,Late,0.0
Late,Late,0.0
Late,Late,19.0
Late,Late,0.0
Late,Late,0.0
Late,Late,0.0
Late,Late,0.0
Late,Late,0.0
Late,Late,4.0
Late,Late,0.0
Late,Late,4.0
Late,Late,0.0
Late,Late,0.0
Late,Late,0.0
Late,Late,2.460000000000008
Late,Late,0.0
Late,Late,5.5
Late,Late,0.0
Late,Late,18.44999999999999
Late,Late,0.0
Late,Late,0.0
Late,Late,0.0
Late,Late,0.0
Late,Late,0.0
Late,Early,0.0
Early,Late,0.0
Late,Late,0.0
Late,Late,0.0
Late,Late,0.47999999999998977
Late,Late,0.0
Late,Late,16.47
Late,Late,0.0
Late,Late,9.0
Late,Late,0.0
Late,Early,0.0
Early,Late,0.0
Late,Early,0.0
Early,Late,0.0
Late,Late,0.0
Late,Late,0.0
Late,Late,0.0
Late,Late,0.0
Late,Late,0.0
Late,Late,0.0
Late,Late,0.0
Late,Late,0.0
Late,Late,0.0
Late,Late,0.0
Late,Late,0.0
Late,Late,0.0
Late,Late,24.0
Late,Late,0.0
Late,Late,24.0
Late,Late,0.0
Late,Late,11.5
Late,Late,0.0
Late,Late,19.0
Late,Late,0.0
Late,Late,5.469999999999999
Late,Late,0.0
Late,Late,34.0
Late,Late,0.0
Late,Late,21.289999999999992
Late,Late,0.0
Late,Late,0.0
Late,Late,0.0
Late,Late,0.0
Late,Late,0.0
Late,Late,0.0
Late,Late,0.0
Late,Late,0.0
Late,Late,0.0
Late,Late,0.0
Late,Late,0.0
Late,Late,0.0
Late,Late,0.0
Late,Late,38.5
Late,Late,0.0
Late,Late,19.0
Late,Late,0.0
Late,Late,31.5
Late,Late,0.0
Late,Late,9.0
Late,Late,0.0
Late,Late,0.0
Late,Late,0.0
Early,Late,19.0
Late,Early,0.0
Late,Late,0.0
Late,Late,0.0
Late,Late,4.0
Late,Late,0.0
Late,Late,0.0
Late,Late,0.0
Late,Late,39.5
Late,Late,0.0
Late,Late,0.0
Late,Late,0.0
Late,Late,0.0
Late,Late,0.0
Late,Late,6.5
Late,Late,0.0
Late,Late,0.0
Late,Late,0.0
Late,Late,0.0
Late,Late,0.0
Late,Late,25.5
Late,Late,0.0
Late,Late,0.0
Late,Late,0.0
Late,Late,48.0
Late,Late,0.0
Late,Late,4.0
Late,Late,0.0
Late,Late,0.0
Late,Late,0.0
Late,Late,0.0
Late,Late,0.0
Late,Late,0.0
Late,Late,0.0
Late,Late,0.0
Late,Late,0.0
Late,Late,0.0
Late,Late,0.0
Late,Late,11.490000000000009
Late,Late,0.0
Late,Early,6.5
Early,Late,0.0
Late,Late,0.0
Late,Late,0.0
Late,Late,0.0
Late,Late,0.0
Late,Late,0.0
Late,Late,0.0
Late,Late,6.5
Late,Late,0.0
Late,Late,0.0
Late,Late,0.0
Late,Late,0.0
Late,Late,0.0
Late,Late,13.97999999999999
Late,Late,0.0
Late,Late,0.0
Late,Late,0.0
Late,Late,4.0
Late,Late,0.0
Late,Late,0.0
Late,Late,0.0
Late,Late,0.0
Late,Late,0.0
Late,Late,0.0
Late,Late,0.0
Late,Late,9.0
Late,Late,0.0
Late,Late,17.0
Late,Late,0.0
Late,Late,0.0
Late,Late,0.0
Late,Late,19.0
Late,Late,0.0
Late,Late,0.0
Late,Late,0.0
Late,Late,0.0
Late,Late,0.0
Late,Late,6.5
Late,Late,0.0
Late,Late,6.780000000000001
Late,Late,0.0
Late,Late,9.0
Late,Late,0.0
Late,Late,19.5
Late,Late,0.0
Late,Late,0.0
Late,Late,0.0
Late,Late,54.0
Late,Late,0.0
Late,Early,9.0
Early,Late,0.0
Late,Late,3.490000000000009
Late,Late,0.0
Late,Late,24.0
Late,Late,0.0
Late,Late,1.0
Late,Late,0.0
Late,Late,31.5
Late,Late,0.0
Late,Late,0.0
Late,Late,0.0
Late,Late,0.0
Late,Late,0.0
Late,Late,1.5
Late,Late,0.0
Late,Late,36.400000000000006
Late,Late,0.0
Late,Late,0.0
Late,Late,0.0
Late,Late,0.0
Late,Late,0.0
Late,Late,0.0
Late,Late,0.0
Late,Late,24.0
Late,Late,0.0
Late,Late,0.0
Late,Late,0.0
Late,Late,44.99000000000001
Late,Late,0.0
Late,Late,20.0
Late,Late,0.0
Late,Late,0.0
Late,Late,0.0
Late,Late,0.0
Late,Late,0.0
Late,Late,0.0
Late,Late,0.0
Late,Early,0.0
Early,Late,0.0
Late,Late,0.0
Late,Late,0.0
Late,Late,11.5
Late,Late,0.0
Late,Early,0.0
Early,Late,0.0
Late,Late,0.0
Late,Late,0.0
Late,Late,14.0
Late,Late,0.0
Late,Late,0.0
Late,Late,0.0
Late,Late,0.0
Late,Late,0.0
Late,Late,0.0
Late,Late,0.0
Late,Late,0.0
Late,Late,0.0
Late,Late,0.0
Late,Late,0.0
Late,Late,0.0
Late,Late,0.0
Late,Late,0.0
Late,Late,0.0
Late,Late,0.0
Late,Late,0.0
Late,Late,29.0
Late,Late,0.0
Late,Late,0.0
Late,Late,0.0
Late,Late,0.0
Late,Late,0.0
Late,Late,1.5
Late,Late,0.0
Late,Late,14.0
Late,Late,0.0
Late,Late,3.009999999999991
Late,Late,0.0
Late,Late,0.0
Late,Late,0.0
Late,Late,4.0
Late,Late,0.0
Late,Late,6.5
Late,Late,0.0
Late,Late,23.5
Late,Late,0.0
Late,Late,0.0
Late,Late,0.0
Late,Late,0.0
Late,Late,0.0
Early,Early,0.0
Early,Early,0.0
Late,Late,0.0
Late,Late,0.0
Late,Late,31.5
Late,Late,0.0
Late,Late,14.0
Late,Late,0.0
Late,Late,0.0
Late,Late,0.0
Late,Late,14.0
Late,Late,0.0
Late,Late,0.0
Late,Late,0.0
Late,Late,19.0
Late,Late,0.0
Late,Late,4.0
Late,Late,0.0
Late,Late,19.0
Late,Late,0.0
Late,Late,4.0
Late,Late,0.0
Late,Late,0.0
Late,Late,0.0
Early,Late,11.5
Late,Early,0.0
Early,Early,0.0
Early,Early,0.0
Late,Late,29.0
Late,Late,0.0
Late,Late,0.0
Late,Late,0.0
Late,Late,0.0
Late,Late,0.0
Late,Early,29.0
Early,Late,0.0
Late,Late,0.0
Late,Late,0.0
Late,Late,0.0
Late,Late,0.0
Late,Late,31.50999999999999
Late,Late,0.0
Late,Late,0.0
Late,Late,0.0
Late,Late,4.0
Late,Late,0.0
Late,Late,54.0
Late,Late,0.0
Late,Late,0.0
Late,Late,0.0
Late,Late,0.0
Late,Late,0.0
Late,Late,4.0
Late,Late,0.0
Late,Late,14.5
Late,Late,0.0
Late,Late,0.0
Late,Late,0.0
Late,Late,9.0
Late,Late,0.0
Late,Late,0.0
Late,Late,0.0
Early,Late,21.400000000000006
Late,Early,0.0
Late,Late,17.99000000000001
Late,Late,0.0
Late,Late,24.0
Late,Late,0.0
Late,Late,16.5
Late,Late,0.0
Late,Late,0.0
Late,Late,0.0
Late,Late,6.5
Late,Late,0.0
Late,Late,14.0
Late,Late,0.0
Late,Late,0.0
Late,Late,0.0
Late,Late,4.0
Late,Late,0.0
Late,Late,4.0
Late,Late,0.0
Late,Late,4.0
Late,Late,0.0
Late,Late,0.0
Late,Late,0.0
Late,Late,0.0
Late,Late,0.0
Late,Late,13.349999999999994
Late,Late,0.0
Late,Late,0.0
Late,Late,0.0
Late,Late,0.0
Late,Late,0.0
Late,Early,24.0
Early,Late,0.0
Late,Late,0.0
Late,Late,0.0
Late,Early,4.0
Early,Late,0.0
Late,Late,9.0
Late,Late,0.0
Early,Late,4.0
Late,Early,0.0
Early,Early,19.0
Early,Early,0.0
Late,Late,17.0
Late,Late,0.0
Late,Late,0.0
Late,Late,0.0
Late,Late,20.5
Late,Late,0.0
Late,Late,22.620000000000005
Late,Late,0.0
Late,Late,28.0
Late,Late,0.0
Late,Late,9.0
Late,Late,0.0
Late,Late,19.0
Late,Late,0.0
Late,Late,0.0
Late,Late,0.0
Late,Late,49.0
Late,Late,0.0
Late,Late,29.0
Late,Late,0.0
Late,Late,30.49000000000001
Late,Late,0.0
Late,Late,27.47
Late,Late,0.0
Late,Late,0.0
Late,Late,0.0
Late,Late,3.490000000000009
Late,Late,0.0
Late,Late,54.5
Late,Late,0.0
Late,Late,41.5
Late,Late,0.0
Late,Late,0.0
Late,Late,0.0
Late,Early,29.0
Early,Late,0.0
Late,Late,0.0
Late,Late,0.0
Late,Late,9.0
Late,Late,0.0
Late,Late,0.0
Late,Late,0.0
Late,Late,0.0
Late,Late,0.0
Late,Late,0.0
Late,Late,0.0
Late,Late,24.0
Late,Late,0.0
Late,Late,19.0
Late,Late,0.0
Late,Late,29.0
Late,Late,0.0
Late,Late,0.0
Late,Late,0.0
Late,Late,0.0
Late,Late,0.0
Late,Late,0.0
Late,Late,0.0
Late,Late,26.5
Late,Late,0.0
Late,Late,13.75
Late,Late,0.0
Late,Late,0.0
Late,Late,0.0
Late,Late,14.0
Late,Late,0.0
Late,Late,43.97999999999999
Late,Late,0.0
Late,Late,6.5
Late,Late,0.0
Late,Late,0.0
Late,Late,0.0
Late,Late,29.0
Late,Late,0.0
Late,Early,29.0
Early,Late,0.0
Late,Late,0.0
Late,Late,0.0
Late,Late,31.5
Late,Late,0.0
Late,Late,29.0
Late,Late,0.0
Late,Late,33.879999999999995
Late,Late,0.0
Late,Late,29.0
Late,Late,0.0
Late,Early,29.00999999999999
Early,Late,0.0
Late,Late,5.490000000000009
Late,Late,0.0
Late,Late,1.5
Late,Late,0.0
Late,Late,0.0
Late,Late,0.0
Late,Late,0.0
Late,Late,0.0
Late,Late,22.47999999999999
Late,Late,0.0
Late,Late,0.0
Late,Late,0.0
Late,Late,0.0
Late,Late,0.0
Late,Early,24.00999999999999
Early,Late,0.0
Late,Late,0.0
Late,Late,0.0
Late,Early,16.5
Early,Late,0.0
Late,Late,0.0
Late,Late,0.0
Late,Late,0.0
Late,Late,0.0
Late,Late,0.0
Late,Late,0.0
Late,Late,19.0
Late,Late,0.0
Late,Late,0.0
Late,Late,0.0
Late,Late,0.0
Late,Late,0.0
Late,Late,0.0
Late,Late,0.0
Late,Late,0.0
Late,Late,0.0
Late,Late,0.0
Late,Late,0.0
Late,Late,9.0
Late,Late,0.0
Late,Late,14.0
Late,Late,0.0
Late,Late,0.0
Late,Late,0.0
Late,Early,31.5
Early,Late,0.0
Early,Late,31.5
Late,Early,0.0
Late,Late,29.00999999999999
Late,Late,0.0
Late,Late,41.5
Late,Late,0.0
Late,Late,9.0
Late,Late,0.0
Late,Late,53.5
Late,Late,0.0
Late,Late,49.0
Late,Late,0.0
Late,Late,0.0
Late,Late,0.0
Late,Late,4.0
Late,Late,0.0
Late,Early,34.0
Early,Late,0.0
Late,Late,25.5
Late,Late,0.0
Late,Late,21.5
Late,Late,0.0
Late,Late,1.0
Late,Late,0.0
Late,Late,36.0
Late,Late,0.0
Late,Late,22.0
Late,Late,0.0
Late,Late,0.0
Late,Late,0.0
Late,Late,34.0
Late,Late,0.0
Late,Late,7.490000000000009
Late,Late,0.0
Late,Late,0.0
Late,Late,0.0
Late,Late,0.0
Late,Late,0.0
Late,Late,29.0
Late,Late,0.0
Late,Late,6.490000000000009
Late,Late,0.0
Late,Late,1.990000000000009
Late,Late,0.0
Late,Late,41.0
Late,Late,0.0
Late,Late,28.0
Late,Late,0.0
Late,Late,34.0
Late,Late,0.0
Late,Late,19.0
Late,Late,0.0
Late,Late,38.99000000000001
Late,Late,0.0
Late,Late,0.0
Late,Late,0.0
Late,Late,0.0
Late,Late,0.0
Late,Late,0.0
Late,Late,0.0
Late,Late,0.0
Late,Late,0.0
Late,Late,0.0
Late,Late,0.0
Late,Late,62.150000000000006
Late,Late,0.0
Late,Late,0.0
Late,Late,0.0
Late,Late,23.150000000000006
Late,Late,0.0
Late,Late,0.0
Late,Late,0.0
Late,Late,0.0
Late,Late,0.0
Late,Late,0.0
Late,Late,0.0
Late,Late,0.0
Late,Late,0.0
Late,Late,0.0
Late,Late,0.0
Late,Late,0.0
Late,Late,0.0
Late,Late,0.0
Late,Late,0.0
Early,Late,10.650000000000006
Late,Early,0.0
Late,Late,22.650000000000006
Late,Late,0.0
Late,Late,0.0
Late,Late,0.0
Late,Late,27.150000000000006
Late,Late,0.0
Late,Early,20.650000000000006
Early,Late,0.0
Late,Late,41.13000000000001
Late,Late,0.0
Late,Late,0.0
Late,Late,0.0
Late,Late,0.0
Late,Late,0.0
Late,Late,0.0
Late,Late,0.0
Late,Late,0.0
Late,Late,0.0
Late,Late,0.0
Late,Late,0.0
Late,Late,0.0
Late,Late,0.0
Late,Late,42.150000000000006
Late,Late,0.0
Late,Late,0.0
Late,Late,0.0
Late,Late,41.16000000000001
Late,Late,0.0
Late,Late,33.150000000000006
Late,Late,0.0
Late,Late,0.0
Late,Late,0.0
Late,Late,8.650000000000006
Late,Late,0.0
Late,Late,0.0
Late,Late,0.0
Late,Late,0.0
Late,Late,0.0
Late,Late,90.15
Late,Late,0.0
Late,Late,0.0
Late,Late,0.0
Late,Late,0.0
Late,Late,0.0
Late,Early,0.0
Early,Late,0.0
Late,Late,0.0
Late,Late,0.0
Late,Late,76.15
Late,Late,0.0
Late,Late,52.150000000000006
Late,Late,0.0
Late,Late,0.0
Late,Late,0.0
Late,Late,90.05000000000001
Late,Late,0.0
Late,Late,0.0
Late,Late,0.0
Late,Late,0.0
Late,Late,0.0
Late,Late,82.15
Late,Late,0.0
Late,Late,0.0
Late,Late,0.0
Late,Late,0.6500000000000057
Late,Late,0.0
Late,Late,0.6500000000000057
Late,Late,0.0
Late,Late,72.15
Late,Late,0.0
Late,Late,5.650000000000006
Late,Late,0.0
Late,Late,0.0
Late,Late,0.0
Late,Late,0.0
Late,Late,0.0
Late,Late,20.650000000000006
Late,Late,0.0
Late,Late,0.0
Late,Late,0.0
Late,Late,0.0
Late,Late,0.0
Late,Late,0.0
Late,Late,0.0
Late,Late,0.0
Late,Late,0.0
Late,Late,37.150000000000006
Late,Late,0.0
Late,Late,20.650000000000006
Late,Late,0.0
Late,Late,74.15
Late,Late,0.0
Early,Late,0.0
Late,Early,0.0
Late,Late,0.0
Late,Late,0.0
Late,Late,5.650000000000006
Late,Late,0.0
Late,Late,0.0
Late,Late,0.0
Late,Late,6.650000000000006
Late,Late,0.0
Late,Late,18.150000000000006
Late,Late,0.0
Late,Late,10.650000000000006
Late,Late,0.0
Late,Late,3.1500000000000057
Late,Late,0.0
Late,Late,17.150000000000006
Late,Late,0.0
Late,Late,0.0
Late,Late,0.0
Late,Late,0.0
Late,Late,0.0
Late,Late,8.650000000000006
Late,Late,0.0
Late,Late,0.0
Late,Late,0.0
Late,Late,23.150000000000006
Late,Late,0.0
Late,Late,27.150000000000006
Late,Late,0.0
Late,Late,0.6500000000000057
Late,Late,0.0
Late,Late,23.150000000000006
Late,Late,0.0
Late,Late,0.0
Late,Late,0.0
Late,Late,0.6500000000000057
Late,Late,0.0
Late,Late,0.0
Late,Late,0.0
Late,Late,33.150000000000006
Late,Late,0.0
Late,Late,26.16000000000001
Late,Late,0.0
Late,Late,16.650000000000006
Late,Late,0.0
Late,Late,0.0
Late,Late,0.0
Late,Late,0.0
Late,Late,0.0
Late,Late,0.0
Late,Late,0.0
Late,Late,0.0
Late,Late,0.0
Late,Late,0.0
Late,Late,0.0
Late,Late,0.0
Late,Late,0.0
Late,Late,38.150000000000006
Late,Late,0.0
Late,Late,0.0
Late,Late,0.0
Late,Late,27.150000000000006
Late,Late,0.0
Late,Late,20.650000000000006
Late,Late,0.0
Late,Late,60.150000000000006
Late,Late,0.0
Late,Late,10.650000000000006
Late,Late,0.0
Late,Late,3.1500000000000057
Late,Late,0.0
Late,Late,34.150000000000006
Late,Late,0.0
Late,Late,0.0
Late,Late,0.0
Late,Late,5.650000000000006
Late,Late,0.0
Late,Late,41.150000000000006
Late,Late,0.0
Late,Late,10.650000000000006
Late,Late,0.0
Late,Early,30.150000000000006
Early,Late,0.0
Late,Late,0.0
Late,Late,0.0
Late,Late,0.0
Late,Late,0.0
Late,Late,0.0
Late,Late,0.0
Late,Late,0.0
Late,Late,0.0
Late,Late,0.0
Late,Late,0.0
Late,Late,27.150000000000006
Late,Late,0.0
Late,Late,0.0
Late,Late,0.0
Late,Late,5.650000000000006
Late,Late,0.0
Late,Late,0.0
Late,Late,0.0
Late,Late,37.150000000000006
Late,Late,0.0
Late,Late,0.0
Late,Late,0.0
Late,Late,0.0
Late,Late,0.0
Late,Late,0.0
Late,Late,0.0
Late,Late,0.6500000000000057
Late,Late,0.0
Late,Late,0.6500000000000057
Late,Late,0.0
Late,Late,10.650000000000006
Late,Late,0.0
Late,Late,7.650000000000006
Late,Late,0.0
Late,Late,0.0
Late,Late,0.0
Late,Late,3.6500000000000057
Late,Late,0.0
Late,Late,18.14
Late,Late,0.0
Late,Late,0.0
Late,Late,0.0
Late,Late,19.060000000000002
Late,Late,0.0
Late,Late,92.15
Late,Late,0.0
Late,Late,3.1500000000000057
Late,Late,0.0
Late,Late,0.0
Late,Late,0.0
Late,Late,83.15
Late,Late,0.0
Late,Late,0.0
Late,Late,0.0
Late,Late,0.0
Late,Late,0.0
Late,Late,0.6500000000000057
Late,Late,0.0
Late,Late,0.6500000000000057
Late,Late,0.0
Late,Late,33.27000000000001
Late,Late,0.0
Late,Late,33.14
Late,Late,0.0
Late,Late,15.650000000000006
Late,Late,0.0
Late,Late,0.0
Late,Late,0.0
Late,Late,0.0
Late,Late,0.0
Late,Late,0.0
Late,Late,0.0
Late,Late,38.08000000000001
Late,Late,0.0
Late,Late,0.6500000000000057
Late,Late,0.0
Late,Late,0.0
Late,Late,0.0
Early,Late,0.0
Late,Early,0.0
Late,Late,32.14
Late,Late,0.0
Late,Late,0.0
Late,Late,0.0
Late,Late,0.0
Late,Late,0.0
Late,Late,0.0
Late,Late,0.0
Late,Early,62.150000000000006
Early,Late,0.0
Late,Late,88.06
Late,Late,0.0
